nb_series;cruncher_v2;cruncher_v3;RJDemetra;rjd3x13
995;23.2530000000006;15.4159999999993;230.416000000001;54.9600000000009
398;15.9809999999998;12.353000000001;92.8910000000014;25.3539999999994
338;13.2049999999999;8.68599999999969;72.7010000000009;19.9889999999996
323;13.0110000000004;8.54700000000048;66.1759999999995;18.905999999999
520;15.4570000000003;10.366;113.382;32.9830000000002
436;15.978000000001;12.6529999999984;91.3619999999992;26.7060000000001
827;20.7780000000002;13.0720000000001;184.569;49.152
296;10.3090000000011;9.16100000000006;62.616;18.8720000000012
287;10.9310000000005;8.39800000000105;61.7739999999994;16.4650000000001
784;21.1209999999992;13.2119999999995;167.826000000001;47.2980000000007
452;13.4619999999995;9.82900000000154;96.8160000000007;26.6489999999994
323;11.1459999999988;7.8700000000008;67.9349999999995;20.1929999999993
507;14.0100000000002;8.88900000000103;109.416000000001;29.4530000000013
687;17.6729999999989;12.1730000000007;151.787999999999;41.7360000000008
992;24.4400000000005;14.7430000000004;215.574999999999;57.1959999999999
249;9.57600000000093;7.35300000000097;50.6859999999997;14.637999999999
701;17.7240000000002;11.5030000000006;154.173000000001;39.9799999999996
695;18.5769999999993;14.1320000000014;148.627;43.476999999999
921;20.8770000000004;16.7389999999996;201.556999999999;53.2820000000011
803;19.0519999999997;12.7019999999993;176.161;49.8140000000003
810;20.8469999999998;14.0280000000002;173.845000000001;46.9600000000009
792;19.021999999999;12.1910000000007;177.907999999999;49.2510000000002
268;10.7820000000011;8.96800000000076;56.8209999999999;16.402
396;12.4609999999993;9.75500000000102;86.4329999999991;22.8580000000002
271;11.5030000000006;8.26000000000022;58.4060000000009;15.9490000000005
321;10.9150000000009;7.68900000000031;71.268;19.1859999999997
256;10.2579999999998;7.78799999999865;52.1149999999998;15.2309999999998
506;14.9639999999999;10.4529999999995;115.805;30.6499999999996
242;9.82500000000073;8.34399999999914;53.3100000000013;14.6939999999995
838;20.0330000000013;13.9899999999998;184.769;51.3299999999999
900;22.5200000000004;13.8329999999987;196.760999999999;55.3829999999998
322;11.9200000000019;8.16100000000006;70.2890000000007;19.1989999999969
323;11.2489999999998;7.44900000000052;71.9739999999983;18.6390000000029
343;10.6739999999991;7.60699999999997;74.0040000000008;20.262999999999
106;6.12900000000081;5.03299999999945;22.8610000000008;7.17199999999866
992;24.3650000000016;16.637999999999;225.290000000001;58.4680000000008
447;13.5689999999995;10.1810000000005;99.7880000000005;26.0269999999982
294;10.5840000000026;7.87800000000061;66.7810000000027;17.8230000000003
992;25.9120000000003;15.1100000000006;212.709999999999;58.6970000000001
717;17.2940000000017;12.4700000000012;156.687000000002;45.2230000000018
766;19.2700000000004;13.380000000001;170.420000000002;46.9010000000017
276;11.8990000000013;7.8080000000009;58.349000000002;19.2949999999983
332;12.0640000000021;8.25400000000081;72.742000000002;20.0620000000017
873;23.5599999999977;14.1610000000001;207.523999999998;58.8469999999979
120;16.9320000000007;6.17599999999948;29.3250000000007;7.02600000000166
297;21.6330000000016;15.0159999999996;66.9150000000009;19.1510000000017
119;17.9300000000003;17.9510000000009;31.135000000002;8.1929999999993
826;32.518;25.9419999999991;204.739999999998;60.2549999999974
544;55.3629999999976;41.2520000000004;146.264999999999;36.3450000000012
113;7.41399999999703;8.40299999999843;29.8539999999994;7.50400000000081
456;18.7910000000011;18.4399999999987;123.350999999999;33.2700000000004
322;11.6159999999982;9.57200000000012;75.6110000000008;20.1569999999992
695;18.6879999999983;12.9619999999995;162.627;41.2829999999994
512;14.2530000000006;10.6189999999988;118.147000000001;31.8549999999996
558;15.7299999999996;10.2020000000011;121.309999999998;32.8080000000009
122;6.71900000000096;5.8070000000007;25.9979999999996;6.59600000000137
892;20.9229999999989;14.232;200.939000000002;52.4140000000007
604;17.1180000000022;11.7239999999983;124.833000000002;36.0030000000006
416;13.8029999999999;9.72699999999895;85.0339999999997;26.0240000000013
862;20.1289999999972;14.007999999998;181.707000000002;52.0450000000019
473;12.9680000000008;10.0560000000005;94.9390000000021;24.7780000000021
593;14.6529999999984;9.89500000000044;107.023999999998;34.8609999999971
320;9.04000000000087;6.05500000000029;57.1090000000004;16.2389999999978
476;11.012999999999;10.2589999999982;74.851999999999;21.8729999999996
111;5.08299999999872;3.66899999999805;15.773000000001;4.46199999999953
956;17.7479999999996;11.5250000000015;149.227999999999;48.6349999999984
999;19.0450000000019;13.2819999999992;153.154999999999;46.1009999999987
821;16.6849999999977;9.66700000000128;130.371999999999;38.5859999999993
116;5.18699999999808;4.8650000000016;18.0790000000015;5.35699999999997
430;10.3730000000032;8.12199999999939;65.5270000000019;19.2410000000018
348;8.62900000000081;7.10300000000279;54.4360000000015;18.6029999999992
942;21.023000000001;12.8559999999998;145.732;46.0750000000007
616;15.655999999999;10.8289999999979;97.4170000000013;30.4369999999981
359;11.1850000000013;8.08600000000297;59.018;19.9010000000017
989;20.7390000000014;13.5519999999997;160.856;48.9339999999975
947;18.4710000000014;13.4320000000007;153.476000000002;49.6660000000011
914;19.5200000000004;12.1460000000006;145.915000000001;46.775999999998
370;10.6100000000006;7.69099999999889;54.6549999999988;17.5060000000012
706;14.2109999999993;9.24499999999898;110.853000000003;36.7920000000013
140;5.9419999999991;4.81599999999889;21.2910000000011;7.08200000000215
882;19.5730000000003;12.6880000000019;207.948;49.393
756;21.648000000001;14.614999999998;182.942999999999;49.3319999999985
981;24.8549999999996;16.7039999999979;263.956999999999;60.5970000000016
707;38.8379999999997;20.5590000000011;181.462;49.9180000000015
565;41.5250000000015;27.4779999999992;151.141;40.6879999999983
998;53.2919999999976;31.6139999999978;275.797999999999;65.5950000000012
844;21.6519999999982;15.0640000000021;196.999;52.2280000000028
175;10.4670000000006;6.93100000000049;41.8590000000004;10.760000000002
551;16.3590000000004;12.0089999999982;129.215;31.3680000000022
908;23.5010000000002;14.8050000000003;213.359999999997;59.7150000000001
675;18.0139999999992;11.8660000000018;164.339;38.6689999999981
357;13.8239999999969;9.02400000000125;80.0999999999985;24.2160000000003
510;16.1620000000003;10.5889999999999;115.976999999999;29.6890000000021
197;8.72600000000239;7.36200000000099;42.9219999999987;12.1490000000013
270;12.6039999999994;8.95000000000073;64.7570000000014;18.857
200;9.16100000000006;7.75200000000041;44.762999999999;14.3379999999997
556;16.9720000000016;12.8890000000029;131.567999999999;30.6229999999996
651;18.0760000000009;13.5210000000006;163.653999999999;43.2580000000016
315;12.7939999999981;10.1490000000013;81.5149999999994;18.6239999999998
735;20.1549999999988;13.7639999999992;189.190000000002;47.117000000002
2;1.50400000000002;1.70899999999995;0.286999999999921;0.116999999999962
10;2.33900000000006;2.37200000000007;2.25799999999992;0.586000000000013
9;2.26200000000006;2.02600000000007;1.36299999999994;0.414000000000101
9;2.33600000000001;2.25400000000002;1.86800000000005;0.477999999999952
3;1.57500000000005;1.80600000000004;0.492000000000075;0.19500000000005
3;1.49599999999998;2.072;0.759999999999991;0.170999999999935
5;2.16800000000001;1.80600000000004;0.866999999999962;0.289999999999964
10;2.30399999999997;2.048;1.58400000000006;0.686000000000035
9;2.30500000000006;2.43600000000004;1.52100000000007;0.467999999999961
8;2.08600000000001;1.90500000000009;1.32500000000005;0.399000000000001
7;2.31000000000006;1.68200000000002;1.13800000000003;0.389999999999986
2;1.63699999999994;1.48099999999999;0.420000000000073;0.149999999999977
8;2.16499999999996;2.15200000000004;2.01699999999994;0.394999999999982
7;2.26800000000003;1.89999999999998;1.50699999999995;0.663999999999987
8;2.596;2.06600000000003;1.375;0.466000000000008
3;1.50599999999997;1.32000000000005;0.42999999999995;0.125
8;2.072;2.1160000000001;1.54899999999998;0.609000000000037
9;2.16499999999996;2.096;1.49699999999996;0.466999999999985
10;2.34900000000005;2.02099999999996;2.202;0.538000000000011
8;2.399;1.88800000000003;1.56700000000001;0.456999999999994
7;1.82799999999997;2.50799999999992;1.17099999999994;0.701000000000022
7;1.81799999999998;1.74400000000003;1.43200000000002;0.525000000000091
2;1.755;1.42500000000007;0.346000000000004;0.108000000000061
8;2.28800000000001;2.35399999999993;1.29399999999998;0.45799999999997
3;1.75;1.71100000000001;0.742000000000075;0.222999999999956
3;1.86099999999999;1.59100000000001;0.63900000000001;0.173999999999978
10;2.13499999999999;2.17499999999995;2.05399999999997;0.672000000000025
5;1.88499999999999;1.78399999999999;1.04999999999995;0.290000000000077
2;1.62900000000002;1.66399999999999;0.310000000000059;0.106999999999971
4;1.78800000000001;1.822;0.607999999999947;0.186000000000035
7;2.16399999999999;1.846;1.02499999999998;0.307000000000016
7;2.26900000000001;2.11400000000003;1.36199999999997;0.442000000000007
8;1.98299999999995;2.303;1.15800000000002;0.433999999999969
6;2.29500000000007;1.99499999999989;1.0139999999999;0.26299999999992
9;2.41100000000006;2.19299999999998;1.79200000000014;0.408999999999878
4;1.71499999999992;1.54599999999982;0.557000000000016;0.197999999999865
3;1.76999999999998;1.82999999999993;0.437000000000126;0.115999999999985
10;2.25999999999999;1.83899999999994;1.49199999999996;0.384000000000015
3;1.45100000000002;1.72700000000009;0.423000000000002;0.117999999999938
7;2.21399999999994;1.86699999999996;1.14999999999986;0.376999999999953
8;2.2829999999999;2.01099999999997;1.15899999999988;0.37299999999982
9;2.33799999999997;2.30700000000002;1.8130000000001;0.645999999999958
9;2.41999999999985;2.41699999999992;1.98099999999999;1.33999999999992
10;2.2650000000001;2.29099999999994;1.73199999999997;0.441000000000031
7;2.15000000000009;1.74299999999994;1.39400000000001;0.391000000000076
4;1.88799999999992;1.72399999999993;0.701999999999998;0.203999999999951
2;1.5150000000001;1.53700000000003;0.332000000000107;0.0930000000000746
9;2.41999999999985;1.86599999999999;1.37599999999998;0.366999999999962
3;1.58299999999986;1.58799999999997;0.641000000000076;0.214999999999918
8;2.03200000000015;1.92499999999995;1.35900000000015;0.365000000000009
8;2.08500000000004;1.91899999999987;1.48500000000013;0.434999999999945
2;1.59099999999989;1.53099999999995;0.40300000000002;0.09699999999998
10;2.28300000000013;2.202;1.48900000000003;0.475999999999885
2;1.70100000000002;1.80500000000006;0.41599999999994;0.144000000000005
5;2.23800000000006;1.94499999999994;0.962999999999965;0.265999999999849
9;2.6690000000001;2.39799999999991;1.32399999999984;0.398000000000138
8;2.17800000000011;1.94000000000005;1.76700000000005;0.392000000000053
7;2;1.75600000000009;1.35099999999989;0.384000000000015
8;2.16499999999996;1.89599999999996;1.23799999999983;0.419000000000096
4;1.72299999999996;1.47299999999996;0.738000000000056;0.208000000000084
7;1.81299999999987;1.90100000000007;1.41699999999992;0.403999999999996
9;2.12400000000002;2.07799999999997;1.70699999999988;0.54300000000012
8;2.43200000000002;1.84399999999982;1.20700000000011;0.394000000000005
7;2.34899999999993;2.26499999999987;1.01999999999998;0.317999999999984
9;2.58200000000011;2.03699999999981;1.37699999999995;0.386000000000195
4;2.096;1.75199999999995;0.634999999999991;0.200000000000045
2;1.48199999999997;1.54299999999989;0.288999999999987;0.0820000000001073
7;2.50099999999998;1.96000000000004;1.21000000000004;0.367999999999938
5;2.07300000000009;2.20299999999997;0.817999999999984;0.267000000000053
9;2.49699999999984;2.17500000000018;1.75800000000004;0.561999999999898
3;1.70299999999997;1.471;0.696999999999889;0.176000000000158
6;2.08100000000013;1.69800000000009;1.11400000000003;0.384000000000015
6;2.03300000000013;1.88099999999986;0.981999999999971;0.23700000000008
6;1.6869999999999;1.74800000000005;0.920000000000073;0.291999999999916
2;1.57899999999995;1.76900000000001;0.336000000000013;0.0930000000000746
5;1.76099999999997;1.85800000000017;0.994999999999891;0.297000000000025
8;2.11299999999983;2.31899999999996;1.19599999999991;0.401000000000067
9;2.18599999999992;1.99600000000009;1.27699999999982;0.413999999999987
10;2.45499999999993;2.08999999999992;2.45100000000002;0.687000000000126
3;1.76600000000008;1.8610000000001;0.6400000000001;0.253000000000156
5;2.03700000000003;2.00599999999986;1.0329999999999;0.342000000000098
5;2.09299999999985;1.80100000000016;0.908000000000129;0.274999999999864
10;2.12099999999987;2.38599999999997;1.82300000000009;0.7349999999999
10;2.44599999999991;2.16599999999994;1.50500000000011;0.449000000000069
10;2.22800000000007;2.31500000000005;1.83799999999997;0.534999999999854
4;1.87899999999991;1.83500000000004;0.761999999999944;0.263000000000147
2;1.64100000000008;1.50200000000018;0.271999999999935;0.0800000000001546
2;1.577;1.67399999999998;0.267999999999802;0.0790000000001783
7;1.89400000000001;1.95600000000013;1.51100000000019;0.397999999999911
6;2.19399999999996;1.82600000000002;0.938000000000102;0.285000000000082
3;1.71599999999989;1.69399999999996;0.48700000000008;0.173999999999978
5;2;1.65599999999995;0.94399999999996;0.305000000000064
10;2.26600000000008;2.38800000000015;1.43599999999992;0.471000000000004
10;2.22900000000004;2.31799999999998;1.48000000000002;0.420000000000073
9;2.17200000000003;1.92800000000011;1.43700000000013;0.378999999999905
9;2.35300000000007;2.00699999999983;1.74799999999982;0.557999999999993
8;2.16699999999992;1.62100000000009;1.14799999999991;0.320999999999913
10;2.30600000000004;1.9380000000001;1.5139999999999;0.519999999999982
3;1.75699999999983;1.73800000000006;0.545000000000073;0.130999999999858
6;2.1400000000001;1.70999999999981;0.935000000000173;0.313999999999851
88;14.1499999999996;16.8440000000001;22.2620000000006;6.64699999999993
67;5.90999999999985;10.0490000000009;16.3710000000001;4.40099999999984
31;5.39900000000034;6.29999999999927;6.24299999999948;1.96000000000004
69;11.3530000000001;11.0799999999999;17.5429999999997;4.7510000000002
85;10.5280000000002;14.3909999999996;19.0050000000001;5.35199999999986
59;15.4550000000008;14.692;15.2399999999998;3.33300000000054
47;13.1080000000002;6.21800000000076;12.826;3.19900000000052
57;12.0410000000002;5.20100000000002;13.0079999999998;4.02099999999973
66;6.30099999999948;4.76699999999983;14.5960000000005;4.5619999999999
66;5.49200000000019;4.9369999999999;15.201;3.89200000000073
38;4.71000000000004;4.38599999999951;8.80099999999948;2.14300000000003
85;5.83599999999933;6.51899999999932;17.3789999999999;4.87099999999919
36;4.23700000000008;3.78899999999976;6.66300000000047;1.58100000000013
34;3.95899999999983;3.86200000000008;6.26400000000012;2.47599999999966
99;6.21200000000044;4.85900000000038;22.3789999999999;6.69300000000021
69;5.33899999999994;4.63799999999992;15.5;4.10599999999977
50;4.81700000000001;4.74900000000071;9.11400000000049;3.32899999999972
16;3.68299999999999;3.59299999999985;3.29299999999967;0.925000000000182
73;5.44399999999951;5.1269999999995;15.0070000000005;5.36200000000008
13;3.22299999999996;4.01499999999942;3.49600000000009;0.692000000000007
54;4.68100000000049;3.8070000000007;9.70299999999952;2.64900000000034
17;3.125;3.90900000000056;2.89999999999964;0.924000000000888
53;4.02799999999934;5.46300000000065;9.65400000000045;3.34300000000076
15;2.62400000000071;2.39099999999962;2.5630000000001;0.737999999999374
78;6.2489999999998;4.78399999999965;13.2430000000004;4.5600000000004
14;2.7549999999992;3.07300000000032;2.51099999999951;0.700000000000728
27;3.67000000000007;3.03400000000056;5.19499999999971;1.53500000000076
90;5.17500000000018;4.87800000000061;17.5010000000002;5.77300000000014
91;5.39699999999993;4.18399999999929;15.3109999999997;4.49799999999959
45;4.14699999999993;4.03299999999945;7.04799999999977;2.22699999999986
39;2.92399999999998;3.26700000000073;5.76199999999972;1.83100000000013
63;4.03099999999995;6.14300000000003;10.2600000000002;2.96299999999974
23;3.05300000000079;2.74600000000009;3.51699999999983;1.01299999999992
95;4.94200000000001;4.85099999999966;14.2289999999994;5.63800000000083
65;3.50799999999981;3.44799999999941;10.3999999999996;3.66400000000067
63;4.58600000000024;5.19200000000001;11.0609999999997;3.29100000000017
43;3.53799999999956;2.89900000000034;6.61599999999999;2.32499999999982
89;4.4369999999999;3.51800000000003;14.3139999999994;4.36000000000058
46;4.22299999999996;2.92200000000048;5.8700000000008;2.11200000000099
61;3.77900000000045;6.51999999999862;8.96299999999974;2.33499999999913
19;5.48500000000058;10.2009999999991;2.82499999999891;1.01900000000023
98;6.83399999999892;5.43599999999969;14.1409999999996;4.75
80;3.82899999999972;7.60099999999875;10.6179999999986;3.18000000000029
50;4.13400000000001;4.32400000000052;7.89400000000023;2.10800000000017
58;5.85199999999895;9.02599999999984;7.53399999999965;2.3070000000007
76;4.5;3.77000000000044;11.027;3.57999999999993
99;4.81800000000112;3.88899999999921;13.9940000000006;3.99300000000039
93;5.32100000000173;4.23299999999836;14.7559999999994;3.96099999999933
90;4.503999999999;4.878999999999;13.0739999999987;4.08900000000176
21;3.10799999999836;2.22699999999895;3.4330000000009;1.13999999999942
79;4.58100000000013;4.58899999999994;13.262999999999;5.05000000000109
77;4.23399999999856;5.01299999999901;12.6769999999997;4.20399999999972
54;3.54800000000068;3.60800000000017;8.52499999999964;2.09699999999975
83;4.96900000000096;4.50400000000081;12.8140000000003;3.20700000000033
47;4.04699999999866;4.04399999999987;7.59900000000016;2.02700000000004
96;4.75299999999879;4.98400000000038;12.982;5.77899999999863
59;4.18700000000172;3.36000000000058;7.80899999999929;3.07200000000012
20;2.89900000000125;2.95699999999852;3.14300000000003;1.07900000000154
31;3.11800000000039;2.55799999999908;4.71500000000015;1.74200000000019
60;3.72999999999956;4.02400000000125;8.50900000000001;4.30299999999988
69;4.72400000000016;5.15999999999985;10.014000000001;3.26499999999942
18;2.96799999999894;2.4380000000001;3.3799999999992;0.796999999998661
85;5.17699999999968;4.15999999999985;12.8549999999996;4.1260000000002
84;4.71800000000076;4.22899999999936;13.264000000001;4.68499999999949
70;4.5619999999999;3.52800000000025;11.4850000000006;2.90200000000004
71;4.4989999999998;4.16699999999946;9.78900000000067;2.98600000000079
44;4.77399999999943;3.64699999999903;6.25900000000001;1.79200000000128
94;5.07099999999991;4.00199999999859;14.232;4.01199999999881
63;3.64600000000064;2.96199999999953;8.43299999999908;2.40400000000045
90;5.03099999999904;4.18100000000049;12.5429999999997;4.46600000000035
65;3.94200000000092;3.41400000000067;9.83200000000033;3.56899999999951
82;5.13600000000042;4.01800000000003;12.8960000000006;4.57300000000032
86;5.375;4.07699999999932;12.6800000000003;4.38900000000103
94;4.85599999999977;4.49099999999999;15.9129999999986;4.23800000000119
53;4.19499999999971;3.55199999999968;7.51800000000003;2.66600000000108
57;4.28600000000006;4.14600000000064;7.37299999999959;3.17400000000089
11;2.18899999999849;1.73500000000058;2.04600000000028;0.587999999999738
82;4.42100000000028;4.33299999999872;12.130000000001;3.42199999999866
60;4.32999999999993;5.01300000000083;9.3030000000017;3.22299999999996
60;4.3179999999993;3.57200000000012;8.82600000000093;2.57200000000012
19;2.63800000000083;3.02700000000004;3.37700000000041;1.24300000000039
49;4.03899999999885;3.46699999999873;6.53700000000026;2.76899999999841
24;2.69499999999971;2.48700000000099;3.70399999999972;0.968999999999141
32;3.41700000000128;3.63800000000083;5.14999999999964;1.80600000000049
15;2.65300000000025;2.5619999999999;2.39600000000064;0.674000000000888
46;4.63299999999981;3.84599999999955;7.76800000000003;3.09499999999935
79;4.27299999999923;4.31100000000151;12.6500000000015;5.10000000000036
39;3.71099999999933;3.1780000000017;5.0669999999991;2.2489999999998
71;4.6260000000002;3.75900000000001;13.1110000000008;4.01599999999962
100;5.07600000000093;5.03600000000006;14.9899999999998;5.8760000000002
59;4.41300000000047;3.43900000000031;8.83499999999913;3.39599999999882
89;5.54299999999967;4.61399999999958;14.994999999999;5.27100000000064
66;4.27299999999923;3.84999999999854;9.93500000000131;3.97099999999955
16;3.44599999999991;2.42100000000028;2.38100000000122;0.65099999999984
63;4.48400000000038;4.49499999999898;10.1039999999994;3.28499999999985
16;3.44200000000092;2.85900000000038;2.76499999999942;1.00400000000081
51;4.34999999999854;4.47200000000157;8.84200000000055;2.43199999999888
56;6.14899999999943;3.80000000000109;10.7489999999998;3.56899999999951
43;4.06700000000092;3.58400000000074;7.5679999999993;2.15400000000045
38;4.14600000000064;3.5619999999999;8.19399999999951;2.13700000000063
222;7.96299999999974;6.59900000000016;47.8239999999996;12.7700000000004
879;19.5940000000001;13.1889999999999;192.601;51.8589999999999
967;23.2779999999998;14.3209999999999;204.234;55.241
761;18.1180000000004;11.9639999999999;167.479;45.4350000000004
458;13.1410000000001;9.2180000000003;100.271;28.9680000000003
26;3.21300000000019;2.7199999999998;4.95499999999993;1.48399999999992
257;8.52800000000025;8.03300000000036;53.2349999999997;15.2239999999997
384;11.3440000000001;8.50900000000001;81.152;21.6900000000001
654;16.3400000000001;10.9609999999998;140.094;38.2439999999997
696;16.9459999999999;12.2460000000001;156.254;43.1480000000001
607;15.4179999999997;10.3739999999998;126.776;34.9939999999997
665;16.0050000000001;11.3789999999999;148.941;42.4360000000006
440;12.1229999999996;8.64999999999964;93.5420000000004;26.1239999999998
903;20;13.5190000000002;189.444;53.8110000000006
43;3.39499999999953;3.04500000000007;8.4989999999998;2.46199999999953
718;19.0020000000004;11.0990000000002;152.681;42.567
938;21.7089999999998;13.8919999999998;199.102;53.8050000000003
697;17.3249999999998;11.4710000000005;145.181;42.1939999999995
603;16.0729999999994;10.3909999999996;126.320000000001;35.0560000000005
145;6.17900000000009;5.65999999999985;30.1389999999992;7.84300000000076
505;13.6439999999993;9.77599999999984;104.849999999999;30.2000000000007
669;16.7359999999999;11.0479999999998;164.447999999999;38.1180000000004
513;20.0999999999995;14.3689999999997;217.617;42.2020000000002
433;22.1959999999999;18.4040000000005;255.529;47.8199999999997
544;30.9350000000004;24.4129999999996;327.674;63.6259999999993
576;28.5769999999993;23.8690000000006;343.266;64.1700000000001
688;33.6489999999994;25.2960000000003;393.727000000001;81.5069999999996
528;30.0380000000005;22.2279999999992;319.957;60.0570000000007
987;42.9220000000005;31.5109999999986;623.612999999999;111.806999999999
491;31.473;21.8790000000008;272.619000000001;54.5599999999995
851;37.777;27.8200000000015;431.946;96.3690000000006
606;30.4030000000002;22.7420000000002;331.677;67.9459999999999
455;26.2950000000001;20.3079999999991;254.27;52.7030000000013
806;38.7509999999984;28.5439999999999;442.206999999999;90.4989999999998
894;42.6619999999984;29.6350000000002;542.055;105.787
248;21.9170000000013;21.003999999999;156.864;34.1779999999999
136;16.6269999999986;12.9680000000008;83.2049999999999;18.2129999999997
955;38.9510000000009;29.1790000000001;503.125;108.474
163;13.9740000000002;11.7780000000002;84.5900000000001;18.0709999999999
409;24.5749999999989;25.4650000000001;213.408000000001;43.4899999999998
775;36.7150000000001;28.4439999999995;410.014000000001;88.8739999999998
138;14.1860000000015;11.4419999999991;69.6169999999984;15.8109999999979
193;14.6650000000009;11.2389999999978;105.600999999999;21.3549999999996
955;41.2070000000022;30.1560000000027;513.484;111.133999999998
640;30.6729999999989;21.2879999999968;333.795999999998;77.0139999999992
133;11.8640000000014;11.4930000000022;71.3460000000014;15.7980000000025
129;12.6150000000016;16.1810000000005;60.6610000000001;13.75
406;22.8350000000028;19.2340000000004;201.779000000002;48.4470000000001
322;22.2639999999992;21.2109999999993;159.977999999999;37.4249999999993
918;37.3619999999974;29.3140000000021;488.281999999999;103.250999999997
793;41.9900000000016;32.5529999999999;386.400999999998;93.8719999999994
796;38.8979999999974;31.7419999999984;401.258000000002;96.497000000003
152;20.5669999999991;17.6340000000018;75.6510000000017;15.9429999999993
331;30.2200000000012;30.1530000000021;159.959999999999;37.8400000000001
936;43.9149999999972;38.4220000000023;453.681;105.913
454;29.4750000000022;26.6529999999984;206.861000000001;48.9369999999981
6;6.38400000000183;6.31199999999808;2.5669999999991;0.826000000000931
622;38.3839999999982;30.6970000000001;297.246999999999;67.5220000000008
101;16.5939999999973;16.2309999999998;47.012999999999;11.4830000000002
494;30.1779999999999;25.1080000000002;249.567999999999;53.0319999999992
961;44.9830000000002;32.617000000002;513.030999999999;110.271999999997
908;41.905999999999;34.0519999999997;477.800999999999;102.845000000001
853;47.1090000000004;33.4010000000017;456.807999999997;100.326999999997
685;34.4300000000003;28.1529999999984;328.085999999999;77.494999999999
759;32.7069999999985;26.4699999999975;299.708999999999;79.5370000000003
668;35.3539999999994;22.5220000000008;267.907999999999;66.1909999999989
368;19.2620000000024;17.7690000000002;127.240999999998;34.5130000000026
49;6.6260000000002;6.28999999999724;14.5600000000013;3.69099999999889
623;24.8040000000001;17.1319999999978;158.622000000003;54.1059999999998
901;23.4069999999992;15.4719999999979;216.496999999999;59.8339999999989
84;5.84599999999773;4.58799999999974;18.5239999999976;5.18000000000029
394;13.3400000000001;10.6100000000006;95.7540000000008;26.8230000000003
525;16.8559999999998;10.8379999999997;121.450000000001;34.494999999999
793;21.3199999999997;14.6670000000013;188.175999999999;53.5030000000006
224;9.59400000000096;7.22999999999956;54.3970000000008;15.4950000000026
854;23.1489999999976;15.8449999999975;200.353999999999;57.273000000001
330;12.0829999999987;9.47399999999834;83.8590000000004;23.8859999999986
109;6.875;5.3289999999979;25.6129999999976;6.98999999999796
133;6.95000000000073;6.3859999999986;31.4500000000007;9.47099999999773
624;19.4310000000005;13.7720000000008;158.205999999998;43.2770000000019
957;25.6340000000018;17.3530000000028;242.288999999997;68.2010000000009
676;19.3160000000025;13.0950000000012;171.923000000003;47.8260000000009
226;9.5;6.98399999999674;56.0060000000012;15.0950000000012
585;18.5619999999981;12.280999999999;143.439999999999;40.7830000000031
777;20.351999999999;14.0140000000029;180.963;52.3309999999983
288;10.8549999999996;8.51300000000265;68.3250000000007;18.7469999999994
971;24.2669999999998;16.8119999999981;231.639999999999;62.2960000000021
318;10.9849999999969;8.32500000000073;71.9559999999983;20.1460000000006
298;10.9390000000021;8.54099999999744;66.6239999999998;19.9889999999978
659;19.5459999999985;12.648000000001;134.242999999999;41.1530000000021
785;17.3590000000004;12.137999999999;156.819;44.5149999999994
807;17.982;12.6690000000017;164.359;45.1740000000027
294;9.85499999999956;7.48600000000079;60.3450000000012;16.3160000000025
364;11.2330000000002;7.5789999999979;73.5650000000023;20.0330000000031
394;10.9069999999992;8.68099999999686;77.6579999999958;21.525999999998
866;19.0740000000005;13.976999999999;175.820999999996;49.6280000000042
83;4.92500000000291;3.77400000000489;16.2379999999976;4.3640000000014
815;18.3190000000031;12.1800000000003;164.327999999994;44.4329999999973
530;13.2860000000001;9.89100000000326;106.112000000001;29.3849999999948
242;8.66700000000128;6.64099999999598;48.7299999999959;13.833000000006
437;11.9530000000013;8.9690000000046;88.0350000000035;24.0729999999967
892;19.7819999999992;14.1860000000015;178.724999999999;49.4270000000033
149;6.08700000000681;4.9320000000007;30.5639999999985;8.21099999999569
962;20.775999999998;14.413999999997;194.744999999995;51.2899999999936
647;16.7880000000005;11.1010000000024;132.061000000002;37.086000000003
367;10.3020000000033;7.5;76.5010000000038;20.6929999999993
356;10.3940000000002;8.09199999999691;71.7690000000002;19.086000000003
448;12.7609999999986;9.38000000000466;90.4670000000042;25.5070000000051
196;8.39100000000326;6.38900000000285;39.0540000000037;11.8000000000029
624;15.5529999999999;10.823000000004;126.343000000001;34.913999999997
898;19.8960000000006;13.9859999999971;182.900000000001;49.5720000000001
542;13.7900000000009;9.5789999999979;111.814999999995;30.3020000000033
556;14.8319999999949;10.2440000000061;113.585999999996;31.4240000000063
458;13.1190000000061;9.28300000000309;93.6410000000033;26.2300000000032
945;20.6870000000054;13.6560000000027;194.247000000003;52.1849999999977
111;5.34199999999691;5.03399999999965;21.648000000001;5.88000000000466
184;7.90600000000268;6.15799999999581;36.6929999999993;10.1470000000045
653;15.2079999999987;10.637999999999;132.760999999999;35.9300000000003
723;17.7200000000012;13.1180000000022;147.629999999997;41.3580000000002
412;11.1600000000035;8.02500000000146;82.5439999999944;23.1939999999959
746;17.7200000000012;11.8309999999983;150.940000000002;40.8890000000029
752;17.3830000000016;12.2200000000012;154.445;42.9340000000011
969;22.5280000000057;15.0760000000009;200.417999999998;55.5020000000004
170;6.93800000000192;5.74199999999837;34.375;9.51200000000244
132;6.04099999999744;4.70599999999831;26.9850000000006;7.35599999999977
174;7.0280000000057;6.03100000000268;34.2330000000002;9.18000000000029
289;9.02300000000105;6.58100000000559;58.6790000000037;15.8280000000013
871;19.6759999999995;13.375;467.722999999998;51.9300000000003
459;27.4059999999954;21.497000000003;268.614000000001;49.9300000000003
331;22.8170000000027;20.9250000000029;181.159999999996;37.4420000000027
636;33.237000000001;25.9940000000061;346.764999999999;71.9959999999992
454;29.0290000000023;21.1440000000002;270.329999999994;54.9200000000055
977;42.7690000000002;32.7280000000028;550.949000000001;110.383999999998
416;23.1949999999997;20.2849999999962;227.324000000001;50.0370000000039
517;30.2649999999994;22.6430000000037;295.843999999997;59.1209999999992
68;10.4680000000008;8.08600000000297;34.1600000000035;7.41999999999825
898;41.8399999999965;30.1660000000047;548.429000000004;99.8450000000012
460;28.2560000000012;19.4939999999988;264.336000000003;54.239999999998
453;26.5369999999966;20.7109999999957;276.715000000004;51.5279999999984
273;18.7359999999971;15.5439999999944;180.002;29.0740000000005
749;38.887999999999;27.9599999999991;448.057000000001;88.7260000000024
736;36.8640000000014;29.4919999999984;447.658000000003;90.0919999999969
78;10.9979999999996;10.7539999999935;45.7350000000006;10.1739999999991
149;14.5009999999966;10.9270000000033;91.2099999999991;18.6589999999997
302;20.0550000000003;17.5679999999993;181.084000000003;35.3229999999967
6;4.9600000000064;4.38999999999942;2.42799999999988;0.773999999997613
91;12.1959999999963;9.7019999999975;61.7409999999945;10.8729999999996
464;29.5610000000015;25.2599999999948;263.546000000002;53.0360000000001
266;20.3269999999975;16.2170000000042;144.826000000001;27.2849999999962
570;29.9460000000036;23.8029999999999;342.012999999999;64.8550000000032
503;28.958000000006;24.7410000000018;317.999000000003;58.7119999999995
778;36.8289999999979;29.5320000000065;467.756000000001;87.8220000000001
755;37.6650000000009;30.5440000000017;434.290000000001;88.2430000000022
342;24.4770000000062;18.515999999996;196.953000000001;37.6429999999964
456;26.247000000003;20.7870000000039;275.751000000004;50.3229999999967
775;38.2739999999976;28.7330000000002;456.710999999996;87.6990000000005
371;23.0859999999957;21.7439999999988;222.453000000001;45.398000000001
412;24.6239999999962;20.9850000000006;254.779999999999;49.4309999999969
47;8.88600000000588;8.24599999999919;23.9700000000012;6.14600000000064
214;19.0610000000015;16.4650000000038;128.801999999996;24.4210000000021
886;40.153999999995;31.5370000000039;514.745000000003;106.075000000004
765;41.1890000000058;29.0629999999946;445.203000000001;90.2960000000021
557;30.4079999999958;26.0050000000047;348.312000000005;69.1740000000063
307;21.9490000000005;17.2989999999991;180.542000000001;37.7450000000026
190;15.4190000000017;13.0210000000006;107.32;24.4119999999966
684;34.4830000000002;26.4680000000008;285.112999999998;81.887999999999
122;6.22799999999552;5.7609999999986;24.7909999999974;6.55500000000029
100;5.5109999999986;4.62599999999657;20.5380000000005;5.57400000000052
491;12.4210000000021;9.26600000000326;100.593000000001;27.150999999998
37;8.14600000000064;3.34700000000157;7.11699999999837;2.54099999999744
316;9.85800000000017;6.68399999999383;63.7989999999991;17.1840000000011
431;11.6199999999953;9.11599999999453;88.4680000000008;24.1849999999977
184;7.19499999999971;6.59100000000035;36.7819999999992;10.7890000000043
955;21.3600000000006;13.8450000000012;194.051999999996;52.8869999999952
476;12.351999999999;10.023000000001;97.1209999999992;26.7070000000022
971;20.3479999999981;14.0600000000049;201.660000000003;57.3110000000015
629;15.3020000000033;10.913999999997;130.400999999998;36.3220000000001
651;16.9410000000062;10.3110000000015;133.462999999996;37.0989999999947
503;12.7199999999939;9.28300000000309;103.545000000006;27.7900000000009
106;5.45799999999872;4.33200000000215;21.3859999999986;5.92299999999523
122;5.36499999999796;4.31699999999546;25.1340000000055;7.16899999999441
661;15.7320000000036;11.0979999999981;136.554000000004;37.4599999999991
242;8.04700000000594;6.31299999999464;49.3589999999967;13.8430000000008
353;11.0670000000027;7.06599999999889;71.5069999999978;18.8029999999999
155;6.49399999999878;4.97499999999854;30.9869999999937;8.77100000000064
977;21.4809999999998;13.8260000000009;203.873999999996;57.1820000000007
839;20.0880000000034;12.3949999999968;172.038999999997;47.7459999999992
268;9.03100000000268;6.91700000000128;54.5040000000008;15.6039999999994
320;9.87099999999919;8.14300000000367;66.6800000000003;18.3940000000002
58;4.4539999999979;4.05400000000373;11.9990000000034;3.81999999999971
271;8.57400000000052;7.28600000000006;55.7819999999992;15.5
317;9.38799999999901;6.98999999999796;67.221000000005;17.4069999999992
18;2.73400000000402;2.64199999999983;3.75099999999657;1.10900000000402
89;4.89400000000023;4.58699999999953;18.4279999999999;4.97899999999936
165;6.98700000000099;5.44099999999889;33.6630000000005;8.94700000000012
418;10.8199999999997;8.09200000000419;85.8990000000049;23.8989999999976
409;10.8589999999967;8.58699999999953;83.9250000000029;22.5889999999999
420;11.5920000000042;8.21600000000035;87.0489999999991;23.4530000000013
850;19.1259999999966;11.9860000000044;176.154999999999;47.4440000000031
700;16.2569999999978;11.4290000000037;145.150000000001;39.4729999999981
548;13.6659999999974;9.45799999999872;113.225999999995;31.885000000002
635;15.3399999999965;10.2860000000001;130.131000000001;34.4929999999949
631;15.4709999999977;10.3719999999958;129.716999999997;35.6959999999963
594;14.484000000004;10.4449999999997;123.589;34.0699999999997
859;24.3209999999963;16.0600000000049;214.229999999996;62.7549999999974
7;2.72700000000623;2.48599999999715;1.5989999999947;0.649000000004889
390;15.2450000000026;10.0900000000038;97.1419999999998;26.5989999999947
110;7.44600000000355;5.9210000000021;27.3239999999932;8.10999999999331
635;19.1469999999972;12.7880000000005;160.695999999996;44.3130000000019
128;7.95500000000175;6.31199999999808;31.5290000000023;9.11699999999837
927;26.0659999999989;17.9329999999973;235.256999999998;67.6030000000028
127;7.61199999999371;5.98700000000099;31.8849999999948;8.64899999999761
544;17.6169999999984;12.5910000000003;137.366000000002;36.4760000000024
936;25.7020000000048;17.9230000000025;237.667999999998;66.1010000000024
303;12.6770000000033;9.5089999999982;75.6699999999983;21.0679999999993
503;16.5250000000015;13.4099999999962;127.017;35.1080000000002
54;5.3179999999993;4.67099999999482;13.4850000000006;3.93199999999342
676;22.3580000000002;14.8109999999942;170.788;47.0040000000008
487;17.4690000000046;12.5139999999956;120.258999999998;36.3190000000031
556;18.6579999999958;13.2829999999958;140.773999999998;39.9839999999967
222;10.4490000000005;8.75400000000081;55.5540000000037;15.8359999999957
475;16.9400000000023;11.1270000000004;119.502;33.9140000000043
492;17.3340000000026;13.0459999999948;126.212999999996;37.0780000000013
634;20.2580000000016;13.2960000000021;160.784;44.3600000000006
877;26.0760000000009;17.2669999999998;223.058999999994;63.362000000001
305;12.3139999999985;9.78900000000431;78.002999999997;21.7309999999998
924;26.1970000000001;17.7770000000019;230.972999999998;66.5710000000036
174;9.36300000000483;6.85300000000279;43.8609999999899;12.4120000000039
666;20.1610000000073;13.455999999991;169.525000000009;47.7649999999994
449;15.9409999999916;11.3699999999953;112.882999999987;33.3110000000015
491;16.8269999999902;12.6300000000047;121.792000000001;34.544000000009
76;6.02799999999115;5.0679999999993;19.3300000000017;5.78900000000431
315;12.8760000000038;9.79200000000128;81.2390000000014;22.7069999999949
603;19.0449999999983;10.1080000000075;152.04800000001;41.8520000000135
862;24.6450000000041;16.8609999999899;220.821000000011;60.5099999999948
237;10.8669999999984;8.93700000000536;60.0439999999944;16.5399999999936
427;15.7560000000085;11.3329999999987;107.596999999994;29.031999999992
279;11.7489999999962;9.12300000000687;70.9879999999976;20.6330000000016
970;26.6529999999912;17.1549999999988;246.459000000003;68.801999999996
714;21.5149999999994;16.0120000000024;150.687999999995;47.3859999999986
660;15.9110000000073;10.3040000000037;138.831000000006;37.7250000000058
544;13.9349999999977;9.68299999998999;113.822;32.5329999999958
658;15.3970000000118;11.2150000000111;138.705999999991;38.5109999999986
131;6.01200000000244;4.97600000000966;27.7330000000075;7.71300000000338
403;11.2169999999896;7.99400000000605;84.7309999999998;24.1520000000019
423;11.6410000000033;8.04700000000594;88.9330000000045;24.153999999995
938;20.7670000000071;13.3559999999998;199.256000000008;55.0659999999916
65;4.33200000000943;3.70100000000093;13.625;4.17399999999907
632;14.9089999999997;11.1209999999992;131.751000000004;35.275999999998
98;7.09500000000116;5.02400000000489;20.4670000000042;5.84799999999814
614;14.721000000005;10.4419999999955;128.292000000001;34.7630000000063
416;11.7690000000002;8.75599999999395;85.6880000000092;23.8010000000068
398;11.2680000000109;8.2039999999979;83.6630000000005;22.7520000000077
61;4.18600000000151;4.05199999999604;12.6180000000022;3.78900000000431
226;8.30400000000373;6.10599999999977;47.1490000000049;13.8699999999953
803;18.3670000000129;12.7459999999992;170.822;46.099000000002
449;12.0370000000112;8.96100000001024;94.9119999999966;25.4809999999998
396;11.0040000000008;8.32099999999627;83.5650000000023;22.2939999999944
683;15.1530000000057;10.8650000000052;144.089999999997;39.1359999999986
958;21.0620000000054;13.5589999999938;203.095000000001;54.8699999999953
288;9.44500000000698;7.68000000000757;66.468000000008;16.1199999999953
95;6.4890000000014;6.07300000000396;24.6270000000077;7.86299999999756
326;12.4969999999885;9.48600000000442;92.3940000000002;23.7090000000026
112;7.1929999999993;7.38700000000244;28.3410000000003;7.67199999999139
507;17.3450000000012;12.4720000000088;132.976999999999;38.4520000000048
995;27.1619999999966;17.7989999999991;256.748000000007;69.6630000000005
644;20.6790000000037;14.3319999999949;165.451000000001;45.6169999999984
880;24.7570000000123;16.5719999999856;203.849000000002;63.676999999996
317;9.99499999999534;7.76900000000023;66.0890000000072;17.4140000000043
946;20.0699999999924;13.2450000000099;199.501000000004;53.2399999999907
918;19.8850000000093;13.5780000000086;194.142999999996;53.3770000000077
92;4.5109999999986;5.74199999999837;19.5219999999972;5.34899999998743
940;20.5449999999983;13.3800000000047;198.684000000008;52.2850000000035
882;19.4199999999983;13.2179999999935;190.823000000004;50.5109999999986
631;14.9049999999988;10.5669999999955;132.358999999997;34.9089999999997
167;6.54000000000815;5.18300000000454;35.3570000000036;9.10300000000279
782;18.0679999999993;12.1970000000001;165.368000000002;47.1190000000061
942;20.7209999999905;13.851999999999;199.921000000002;54.0729999999894
946;20.4089999999997;13.5260000000126;201.656999999992;54.1089999999967
228;7.66000000000349;6.19400000000314;49.0489999999991;12.7040000000125
468;12.3839999999909;9.43299999998999;98.5950000000012;26.3340000000026
174;7.19399999998859;5.19599999999627;36.7909999999974;9.74100000000908
847;19.3439999999973;12.9270000000106;181.496999999988;47.4170000000013
855;20.1900000000023;12.5190000000002;182.771000000008;49.0020000000077
11;2.07200000000012;2.14199999999255;2.24599999999919;0.672999999995227
666;15.9060000000027;10.7860000000073;142.356;38.6429999999964
80;4.63800000000629;3.80999999999767;16.9609999999957;4.68899999999849
730;17.2160000000003;11.4709999999905;156.721999999994;42.2119999999995
318;9.9320000000007;7.4259999999922;66.6159999999945;17.7020000000048
963;20.9360000000015;14.9570000000094;206.803999999989;56.1380000000063
680;16.0010000000038;11.9660000000003;145.769;38.3530000000028
610;14.7690000000002;10.3150000000023;131.259000000005;35.0310000000027
18;3.05400000000373;2.6820000000007;3.66000000000349;1.16700000000128
900;19.3099999999977;13.8930000000109;193.824999999997;52.4210000000021
205;7.58400000000256;6.59399999999732;43.0570000000007;13.0819999999949
920;20.4959999999992;14.0820000000094;201.198999999993;54.7830000000104
544;15.4750000000058;10.2379999999976;119.322;34.0879999999888
156;6.80399999998917;4.86699999999837;33.2070000000094;8.78500000000349
551;13.8760000000038;9.52199999999721;117.997999999992;31.5899999999965
834;18.6230000000069;12.2900000000081;179.380000000005;49.3099999999977
525;13.3289999999979;10.1770000000106;111.222999999998;29.1319999999978
10;2.11399999998685;1.84299999999348;1.9600000000064;0.695999999996275
292;9.24100000000908;7.52600000001257;64.0240000000049;16.9360000000015
437;11.275999999998;9.05799999998999;95.5460000000021;24.926999999996
329;9.99700000000303;7.51499999999942;70.6069999999891;18.4539999999979
776;17.6199999999953;11.5859999999957;168.047999999995;44.6409999999887
738;17.7929999999906;11.9900000000052;158.366999999998;42.4729999999981
49;3.83900000000722;3.71099999999569;10.4719999999943;3.36500000000524
26;2.92399999999907;2.96700000000419;5.5969999999943;1.94999999999709
257;8.56699999999546;5.8810000000085;55.2590000000055;14.7189999999973
933;20.3059999999969;13.6549999999988;202.106;54.7569999999978
239;7.95900000000256;6.85099999999511;51.4520000000048;13.7920000000013
311;9.79300000000512;7.51699999999255;66.3579999999929;17.0060000000085
860;20.1430000000109;12.5409999999974;185.047999999995;49.1180000000022
674;16.0939999999973;11.0049999999901;143.180999999997;38.0760000000009
436;11.6239999999962;9.83699999999953;95.5389999999898;26.4399999999878
410;11.5829999999987;9.68700000000536;88.3799999999901;22.773000000001
831;18.6610000000073;12.5060000000085;180.221000000005;48.096000000005
633;14.7119999999995;10.6410000000033;138.675999999992;36.2099999999919
94;5.3350000000064;4.77300000000105;20.2299999999959;6.13799999999173
100;5.48099999999977;4.17999999999302;21.3650000000052;5.7039999999979
217;8.13300000000163;6.16899999999441;47.2400000000052;12.3669999999984
936;20.1290000000008;13.3479999999981;204.358999999997;54.3070000000007
587;14.6330000000016;10.2510000000038;129.846999999994;33.1229999999923
144;6.83099999999104;5.22900000000664;31.718000000008;8.97300000001269
33;3.34600000000501;3.15499999999884;7.21700000000419;2.39800000000105
291;9.37300000000687;7.99300000000221;67.1879999999946;17.3439999999973
601;14.781999999992;10.4140000000043;134.024000000005;36.974000000002
118;6.10899999999674;4.86000000000058;26.1000000000058;7.14400000000023
614;15.9919999999984;11.343000000008;134.644;37.2200000000012
315;9.94999999999709;7.69500000000698;71.8139999999985;19.0550000000076
274;8.92799999999988;7.20799999999872;59.5109999999986;15.627999999997
55;4.2390000000014;3.56999999999243;13.3470000000088;3.15599999998813
462;12.6269999999931;10.7039999999979;100.716;26.9239999999991
579;14.7939999999944;10.2800000000134;128.14899999999;34.0060000000085
65;4.15099999999802;3.40899999999965;13.6809999999969;4.20199999999022
470;13.0200000000041;10.0030000000115;102.584999999992;27.247000000003
615;14.7820000000065;10.5679999999993;136.225000000006;35.4609999999957
110;5.37399999999616;4.24599999999919;24.0789999999979;5.99800000000687
377;10.4130000000005;8.42299999999523;81.7670000000071;22.2440000000061
163;6.72200000000885;5.48499999998603;35.125;8.90499999999884
527;13.3960000000079;10.2130000000034;114.139999999999;29.9609999999957
351;10.0550000000076;8.32499999999709;76.4520000000048;20.3360000000102
779;18.1330000000016;12.330999999991;167.055999999997;44.8289999999979
826;19.4879999999976;13.823000000004;184.58600000001;49.2639999999956
360;10.9730000000127;8.89599999999336;79.8319999999949;21.1369999999879
996;22.4839999999967;13.8289999999979;220.627000000008;58.3699999999953
426;12.3600000000006;8.25400000000081;95.0560000000114;24.9369999999908
177;7.62900000000081;6.65600000000268;39.3389999999927;11.3959999999934
541;13.8769999999931;8.56100000000151;116.41399999999;30.0620000000054
385;12.0639999999985;8.57700000000477;89.476999999999;23.2839999999997
856;21.2510000000038;14.1059999999998;195.92300000001;51.169000000009
288;9.61299999999756;7.5109999999986;66.1169999999984;18.0550000000076
53;4.60899999999674;3.7549999999901;12.2290000000066;3.71900000001187
257;9.82800000000861;7.24099999999453;59.6419999999925;16.0859999999957
448;13.3350000000064;9.11100000000442;100.956000000006;26.4110000000073
998;23.4429999999993;15.7179999999935;220.27900000001;60.2909999999974
117;5.4890000000014;4.54899999999907;25.5529999999999;6.64999999999418
426;11.7890000000043;8.875;94.1770000000106;24.5349999999889
526;13.4950000000099;9.22100000000501;114.271000000008;29.6900000000023
292;9.38199999999779;6.69700000000012;63.4239999999991;16.4429999999993
736;19.2620000000024;13.3659999999945;168.644;43.4630000000034
718;17.3459999999905;12.5850000000064;179.758000000002;42.708999999988
166;7.98999999999069;6.3700000000099;43.6070000000036;11.3099999999977
303;10.2130000000034;8.30400000000373;69;18.2090000000026
663;17.3759999999893;11.1219999999885;148.820000000007;39.3199999999924
734;17.6199999999953;11.9409999999916;166.86099999999;42.0240000000049
621;16.0270000000019;12.5629999999946;159.652000000002;39.5300000000134
276;9.92200000000594;8.33400000000256;69.4209999999875;18.1839999999938
235;8.31600000000617;6.51900000000023;54.6169999999984;13.5099999999948
221;7.96300000000338;6.10800000000745;52.7569999999978;13.7119999999995
995;21.8880000000063;14.5280000000057;224.953000000009;61.4879999999976
864;19.1399999999994;12.400999999998;186.571000000011;50.4339999999938
825;18.8690000000061;12.1929999999993;178.496999999988;47.4919999999984
651;17.1260000000038;10.752999999997;143.756999999998;40.8099999999977
281;9.5170000000071;7.5789999999979;63.8910000000033;17.6939999999886
882;21.5620000000054;15.0180000000109;194.830000000002;54.9409999999916
750;18.9590000000026;13.1310000000085;170.078000000009;49.7839999999997
921;23.3479999999981;16.9049999999988;199.945999999996;55.4379999999946
59;4.2670000000071;3.62299999999232;12.0770000000048;3.70000000001164
179;7.23400000001129;5.45799999999872;38.5880000000034;10.6190000000061
138;6.77899999999499;5.46600000000035;29.3270000000048;7.83699999999953
121;5.99900000001071;5.35199999999895;26.0699999999924;7.51499999999942
461;12.1150000000052;9.30199999999604;99.9229999999952;27.2609999999986
213;7.97800000000279;6.48500000000058;46.5339999999997;12.8570000000036
52;4.08199999999488;3.69099999999162;10.898000000001;3.13199999999779
446;12.3620000000083;8.54899999999907;96.377999999997;26.0219999999972
268;9.47000000000116;6.79300000000512;58.4099999999889;15.9180000000051
813;20.0610000000015;12.5360000000073;177.720000000001;48.7989999999991
600;15.9949999999953;11.8709999999992;152.528999999995;37.3940000000002
534;16.8070000000007;11.5660000000062;173.694999999992;41.3240000000078
544;19.5310000000027;13.1830000000045;135.000999999989;37.4309999999969
368;11.9859999999899;8.76800000001094;86.9409999999916;23.1469999999972
594;16.1580000000104;12.4660000000003;137.463000000003;39.0219999999972
331;10.2850000000035;7.60899999999674;72.1000000000058;19.7510000000038
596;15.2409999999945;10.676999999996;136.942999999999;35.752999999997
779;19.6440000000002;13.4180000000051;173.841;49.0219999999972
118;6.6189999999915;5.43099999999686;26.2749999999942;7.47599999999511
537;16.3369999999995;10.4790000000066;122.907000000007;34.9579999999987
250;9.18099999999686;7.35899999999674;57.747000000003;15.3979999999865
472;13.8240000000078;9.82799999999406;105.781000000003;28.1589999999997
909;23.4489999999932;14.7030000000086;204.37999999999;54.1959999999963
874;21.0229999999865;13.6610000000073;197.061000000002;52.3220000000001
81;4.96199999999953;4.35400000000664;17.1169999999984;5.14800000000105
831;19.1750000000029;14.0599999999977;183.517000000007;50.1169999999984
216;8.09300000000803;6.43400000000838;47.6410000000033;13.4709999999905
222;8.44200000001001;5.76600000000326;50.2459999999992;13.4649999999965
345;10.6979999999894;7.82600000000093;76.0749999999971;21.0660000000062
642;16.2070000000094;11.3179999999993;142.555999999997;37.5179999999964
966;22.4760000000097;15.9449999999924;218.392000000007;60.4520000000048
36;3.66300000000047;4.97200000000885;7.34900000000198;2.50100000000384
438;12.2580000000016;14.5880000000034;97.1459999999934;26.9250000000029
982;22.6060000000143;15.4119999999966;219.091;59.6100000000006
715;18.9149999999936;11.3060000000114;159.115000000005;43.6379999999917
250;8.86999999999534;6.36800000000221;55.3619999999937;14.8990000000049
364;11.583999999988;8.30900000000838;80.4980000000069;22.3350000000064
806;19.1809999999969;12.1710000000021;176.667999999991;48.8239999999932
533;15.1370000000024;10.0420000000013;117.805999999997;31.4850000000006
423;12.3300000000017;9.19599999999627;93.0019999999931;25.320000000007
603;15.2239999999874;10.3399999999965;133.458999999988;36.9649999999965
688;18.8329999999987;12.7359999999899;165.454000000012;46.4860000000044
630;16.3399999999965;11.0350000000035;139.860000000001;36.9599999999919
187;7.59100000000035;5.83100000000559;40.1579999999958;11.323000000004
760;19.2359999999899;13.3279999999941;170.236000000004;45.4869999999937
707;20.3329999999987;12.8570000000036;163.129000000001;43.4389999999985
819;22.596000000005;14.653999999995;197.107999999993;51.7130000000034
153;7.27400000000489;6.03699999999662;37.2690000000002;9.6929999999993
896;23.7660000000033;15.9670000000042;208.07699999999;56.7880000000005
400;14.0120000000024;10.176999999996;94.8509999999951;25.919000000009
120;6.11000000000058;6.3920000000071;27.7070000000094;8.23300000000745
590;17.6100000000006;11.8709999999992;137.638000000006;38.2140000000072
873;22.9270000000106;15.849000000002;206.770999999993;57.6619999999966
756;21.8270000000048;14.8270000000048;179.438999999998;48.1900000000023
599;16.4639999999927;10.997000000003;141.134999999995;37.8999999999942
14;2.90399999999499;2.14400000000023;3.03299999999581;0.865000000005239
35;3.7609999999986;2.98500000000058;8.51999999998952;2.29400000000896
409;12.7489999999962;9.38099999999395;95.6619999999966;25.7609999999986
316;10.6190000000061;8.37799999999697;73.1760000000068;19.9789999999921
896;22.9309999999969;15.6630000000005;209.221999999994;58.5
790;21.2000000000116;14.3360000000102;183.928;50.3920000000071
701;18.6040000000066;11.6659999999974;162.884000000005;44.6820000000007
777;19.698000000004;13.0570000000007;182.404999999999;49.2609999999986
482;14.3899999999994;10.0509999999922;108.932000000001;31.1810000000114
295;9.76499999999942;8.32600000000093;67.073000000004;18.4560000000056
207;7.97200000000885;6.54800000000978;47.2869999999966;13.1699999999983
738;19.0780000000086;13.2939999999944;174.23599999999;47.7629999999917
569;18.073000000004;13.6399999999994;138.695999999996;42.3870000000024
796;20.2459999999992;12.900999999998;181.596999999994;50.4919999999984
373;11.0079999999871;8.90399999999499;85.4649999999965;22.5390000000043
23;3.3009999999922;2.71499999999651;5.06999999999243;1.47399999998743
585;15.8830000000016;10.4370000000054;131.275000000009;35.278999999995
697;19.148000000001;13.1079999999929;173.050999999992;46.3279999999941
2;1.84400000001187;1.49599999999919;0.436000000001513;0.186000000001513
317;11.1630000000005;10.2880000000005;78.5890000000072;22.0019999999931
635;17.801999999996;12.5420000000013;156.722999999998;41.2769999999873
192;8.8920000000071;7.00100000000384;46.8340000000026;12.599000000002
322;12.1039999999921;8.56399999999849;77.9060000000027;20.6460000000079
8;2.37399999999616;2.15499999999884;1.73100000001432;0.619999999995343
535;15.1430000000109;11.5080000000016;132.782999999996;36.1779999999999
944;23.468000000008;16.4109999999928;235.229999999996;64.2839999999997
404;13.4869999999937;9.82200000000012;99.2070000000094;27.6240000000107
153;7.42199999999139;7.62399999999616;38.650999999998;10.6500000000087
158;7.85299999998824;8.11999999999534;38.0420000000013;10.5929999999935
893;22.9349999999977;15.2039999999979;216.707999999999;58.7379999999976
883;22.9530000000086;14.6240000000107;207.917000000001;54.726999999999
853;20.5880000000034;14.6149999999907;198.190000000002;53.56700000001
68;4.66099999999278;3.99700000000303;15.1260000000038;4.10100000000966
624;17.4579999999987;11.6599999999889;140.544999999998;38.5910000000003
802;20.5130000000063;13.9850000000006;183.52900000001;50.9599999999919
641;16.5059999999939;11.1739999999991;145.130000000005;39.4320000000007
997;25.4980000000069;17.0209999999934;227.306000000011;61.8319999999949
378;11.2390000000014;8.00699999999779;85.2679999999964;23.8899999999994
452;13.0380000000005;9.17999999999302;102.042000000001;28.0250000000087
742;19.2039999999979;12.8080000000045;169.10100000001;46.9070000000065
146;6.63800000000629;5.66300000000047;33.278999999995;9.18000000000757
122;6.62099999999919;5.12099999999919;26.6919999999955;7.39800000000105
860;19.7890000000043;14.1349999999948;194.716;51.8559999999998
305;10.0610000000015;7.79999999998836;71.3400000000111;18.9520000000048
691;17.0240000000049;10.80799999999;158.164000000004;42.1929999999993
147;6.82799999999406;5.6820000000007;32.9579999999987;9.46499999999651
805;19.1839999999938;13.0369999999966;183.688999999998;49.7189999999973
632;15.9210000000021;11.0650000000023;145.914000000004;38.0639999999985
475;13.2170000000042;9.52799999999115;109.350999999995;28.6689999999944
65;4.60700000000361;3.47400000000198;14.8650000000052;4.28399999999965
164;7.28199999999197;5.66799999999057;35.8540000000066;10.2299999999959
544;14.7329999999929;10.9229999999952;124.910000000003;33.2199999999866
693;16.7139999999927;12.5380000000005;159.423999999999;42.6929999999993
234;8.60199999999895;7.75500000000466;53.3529999999882;15.1100000000006
36;3.34299999999348;3.53200000000652;8.2960000000021;2.65799999999581
42;3.5969999999943;3.22400000000198;9.64499999998952;3.0789999999979
191;7.73599999998987;6.36100000000442;43.3389999999927;12.625
121;5.96399999999267;4.86800000000221;26.6399999999994;7.14599999999336
992;21.551999999996;14.5279999999912;225.910999999993;60.7920000000013
634;16.622000000003;11.6089999999967;143.751999999993;39.3799999999901
423;12.8579999999929;9.60400000000664;97.2860000000073;27.3380000000034
795;19.0200000000041;12.8769999999931;179.464000000007;47.4820000000036
351;10.6259999999893;8.61799999998766;82.3839999999909;21.4910000000091
371;11.8440000000119;7.70500000000175;83.5460000000021;21.916000000012
306;10.3989999999903;7.52700000000186;69.8319999999949;18.3890000000101
406;11.4940000000061;8.31499999998778;91.2250000000058;24.4370000000054
573;14.7050000000017;10.945000000007;129.344000000012;37.0130000000063
717;17.849000000002;11.9719999999943;164.624000000011;43.8450000000012
748;18.2320000000036;12.429999999993;172.911999999997;46.6719999999914
449;12.4550000000017;8.90000000000873;99.372000000003;26.8220000000001
706;17.3829999999871;12.0819999999949;162.377999999997;44.1900000000023
387;11.6049999999959;8.5460000000021;87.8329999999987;24.653999999995
63;4.7219999999943;3.83800000000338;13.6900000000023;4.00599999999395
26;3.56200000000536;2.97800000000279;5.29300000000512;1.43700000000536
526;13.7609999999986;10.0320000000065;119.062999999995;31.9040000000095
62;4.12400000001071;3.68600000000151;13.7109999999957;3.74300000000221
19;2.95499999998719;2.64599999999336;4.21499999999651;1.23199999998906
955;22.6319999999978;14.7320000000036;217.330000000002;59.8819999999978
55;4.40699999999197;3.58599999999569;12.2439999999915;3.55599999999686
319;10.1350000000093;8.35000000000582;71.9579999999987;20.5329999999958
754;18.6059999999998;12.5560000000114;170.043999999994;46.3360000000102
551;14.2100000000064;10.1009999999951;124.861000000004;35.5409999999974
646;16.8039999999892;11.1520000000019;147.060000000012;38.9640000000072
287;10.0709999999963;7.17699999999604;63.9759999999951;17.3800000000047
129;6.34600000000501;6.53699999999662;28.4660000000003;8.37400000001071
251;8.35300000000279;6.36299999999756;56.0489999999991;14.5059999999939
253;8.47900000000664;6.93799999999464;56.5849999999919;15.3819999999978
846;19.872000000003;13.9940000000061;194.297999999995;52.4419999999955
309;10.5539999999892;7.51000000000931;69.3099999999977;19.0530000000144
218;7.83000000000175;6.12299999999232;50.1500000000087;13.4529999999941
626;15.8010000000068;10.9310000000114;143.290999999997;38.0690000000031
764;19.6450000000041;12.6430000000109;175.538;48.4100000000035
768;18.7589999999909;12.0790000000125;173.119000000006;47.3379999999888
81;5.1420000000071;4.50100000000384;17.5139999999956;5.19600000001083
522;14.0139999999956;9.34300000000803;120.701000000001;32.0899999999965
621;16.122000000003;11.1790000000037;141.343000000008;38.6309999999939
845;21.2430000000022;13.2640000000101;192.684999999998;51.8479999999981
88;5.37900000000081;4.50199999999313;19.2319999999891;5.6820000000007
910;21.7160000000003;13.7070000000094;207.331999999995;56.0709999999963
788;18.7109999999957;12.9169999999867;180.660999999993;49.2449999999953
765;17.7099999999919;11.7339999999967;173.889999999999;45.3709999999992
562;14.3179999999993;10.1469999999972;128.705000000002;35.1180000000022
646;16.2090000000026;10.4449999999924;147.308000000005;40.5299999999988
755;17.9470000000001;11.8739999999962;174.881999999998;46.4529999999941
505;13.775999999998;9.31100000000151;115.465000000011;30.1550000000134
169;6.80299999999988;5.64699999999721;37.8270000000048;10.7020000000048
769;18.7019999999902;12.8080000000045;175.989000000001;47.2050000000017
465;12.3819999999978;9.23699999999371;105.755000000005;28.9400000000023
112;5.55799999998999;4.71899999999732;24.7669999999925;6.58000000000175
714;17.1089999999967;11.476999999999;163.902999999991;44.2670000000071
281;10.2200000000012;6.77100000000792;64.0510000000068;16.6900000000023
185;7.62200000000303;5.88099999999395;41.75;11.448000000004
639;15.7369999999937;11.3450000000012;146.129000000001;40.273000000001
96;5.55999999999767;4.44100000000617;21.4460000000108;6.22100000000501
397;11.6180000000022;8.44000000000233;92.3669999999984;24.2740000000049
458;13.224000000002;9.68000000000757;105.879000000001;29.7469999999885
965;22.0479999999952;15.0209999999934;224.795000000013;60.8129999999946
875;20.8680000000022;14.5209999999934;203.773000000001;53.0099999999948
135;6.84599999999045;5.43499999999767;30.3809999999939;9.15800000001036
854;19.4860000000044;13.0969999999943;197.500999999989;51.5679999999993
254;8.80400000000373;6.66500000000815;59.0080000000016;14.8160000000062
525;16.7449999999953;11.721000000005;137.251000000004;36.3869999999879
703;20.4259999999922;15.3610000000044;189.983999999997;51.8890000000101
353;10.8840000000055;9.30100000000675;80.5209999999934;22.4300000000076
661;15.9470000000001;11.1790000000037;151.582000000009;41.7160000000003
371;11.4869999999937;8.27900000000955;84.5219999999972;22.8060000000114
904;20.820000000007;13.2519999999931;209.501999999993;54.6440000000002
186;7.47000000000116;5.7899999999936;41.7130000000034;11.4830000000075
624;16.0749999999971;11.0469999999914;149.411000000007;39.8989999999903
889;20.4819999999891;13.1309999999939;207.380999999994;54.0940000000119
539;14.4719999999943;10.3870000000024;125.861000000004;33.5109999999986
277;9.47900000000664;6.90700000000652;62.8640000000014;16.5099999999948
747;17.573000000004;13.1649999999936;172.138000000006;46.7960000000021
774;18.4700000000012;12.7140000000072;178.422000000006;49.0200000000041
638;19.6159999999945;11.5129999999917;146.788;39.531999999992
98;5.39400000000023;4.4829999999929;22.0639999999985;6.43600000000151
676;16.4079999999958;10.9940000000061;156.938999999998;42.6630000000005
975;22.150999999998;14.773000000001;228.926999999996;61.7329999999929
71;5.26900000000023;4.29799999999523;16.1180000000022;4.58000000000175
595;15.8159999999916;10.502999999997;136.616999999998;36.5160000000033
276;9.74099999999453;6.66700000000128;61.5749999999971;16.3439999999973
804;18.6790000000037;13.3839999999909;187.773000000001;55.5489999999991
685;17.6570000000065;11.6949999999924;159.747000000003;42.0080000000016
845;20.2669999999925;13.1469999999972;196.15400000001;53.2259999999951
756;18.791000000012;12.7039999999979;178.116999999998;48.1490000000049
774;18.6600000000035;12.6169999999984;180.807000000001;49.1820000000007
551;14.198000000004;10.7309999999998;127.503000000012;33.2719999999972
725;17.6559999999881;11.1750000000029;169.371000000014;44.8060000000114
949;21.7680000000109;15.0249999999942;222.665999999997;58.5330000000249
55;4.1820000000007;3.77599999998347;12.3950000000186;3.36900000000605
338;10.3420000000042;8.54899999999907;78.747000000003;21.7360000000044
764;18.4439999999886;12.9619999999995;177.847999999998;47.55799999999
803;19.0529999999853;12.5439999999944;187.839999999997;50.6179999999877
229;8.0679999999993;6.75;52.3969999999972;14.2140000000072
478;13.2850000000035;9.32000000000698;111.814999999973;31.2370000000228
790;19.2179999999935;12.0339999999851;182.645000000019;48.0559999999823
602;15.3890000000247;11.1020000000135;139.693999999989;36.0789999999979
775;18.8580000000075;12.1230000000214;179.986000000004;47.1300000000047
533;14.426999999996;9.80000000001746;124.421000000002;33.2840000000142
349;10.820000000007;8.42499999998836;80.8850000000093;22.0830000000133
630;15.8809999999939;11.1480000000156;146.241999999998;38.6209999999846
976;22.7880000000005;14.2540000000154;228.627999999997;61.2510000000184
206;8.15699999997742;7.11999999999534;47.7419999999984;13.5719999999856
264;9.06099999998696;7.06699999998091;60.3260000000009;15.7699999999895
937;20.6779999999853;14.2690000000002;217.517000000022;59.4640000000072
539;14.4170000000158;10.0409999999974;124.981;33.4400000000023
876;20.0480000000098;14.2920000000158;205.254000000015;55.747000000003
542;14.7330000000075;10.3990000000049;124.684999999998;33.2149999999965
11;2.54899999999998;2.09699999999998;2.11099999999999;0.785000000000025
821;20.862;14.463;140.007;42.197
643;15.668;11.192;105.517;33.3
913;18.5379999999999;12.377;164.394;48.832
562;14.058;10.277;99.9170000000001;28.6020000000001
806;18.2749999999999;12.6089999999999;144.024;45.9770000000001
611;16.2750000000001;10.9450000000002;107.157;32.6880000000001
662;19.9289999999999;13.126;115.186;36.213
824;20.4399999999998;14.203;144.589;45.385
316;11.692;8.32200000000012;55.5219999999999;16.7510000000002
290;11.0549999999998;7.44200000000001;50.9430000000002;16.5969999999998
469;14.3319999999999;11.0460000000003;82.6590000000001;26.7540000000004
26;3.79799999999977;3.7829999999999;5.28800000000001;1.66400000000021
362;11.0439999999999;9.16900000000032;63.027;18.3739999999998
441;13.665;10.806;78.078;24.0039999999999
320;10.7660000000001;7.77799999999979;57.558;17.0440000000003
876;19.848;14.326;154.767;50.5440000000003
1000;22.23;14.5990000000002;177.159;56.8509999999997
875;20.0320000000002;14.3399999999997;154.83;49.5610000000001
644;17.0329999999999;12.2240000000002;114.117;36.3090000000002
869;21.4150000000004;16.1469999999999;155.37;45.5
934;20.4679999999998;14.1989999999996;166.911;50.4929999999995
961;23.9350000000004;15.4760000000006;168.507000000001;53.9660000000003
242;9.53999999999996;7.3100000000004;43.7119999999995;12.9619999999995
242;9.03399999999965;7.54200000000037;41.9299999999994;13.1440000000002
997;21.4030000000002;18.0460000000003;176.447;54.1300000000001
167;8.40099999999984;5.86500000000069;28.4089999999997;9.1220000000003
817;20.2559999999994;12.7979999999998;141.956;43.9290000000001
180;8.67000000000007;5.98799999999937;31.768;8.98099999999977
163;9.33200000000033;5.63300000000072;29.6310000000003;8.78200000000015
375;12.9639999999999;8.49600000000009;67.1899999999996;21.3189999999995
813;18.9850000000006;14.5879999999997;143.023999999999;45.5940000000001
885;21.2269999999999;15.1099999999997;157.799;47.2960000000003
511;15.9189999999999;10.107;83.6970000000001;29.1300000000001
861;17.2529999999997;11.1259999999993;132.37;42.2730000000001
428;9.95700000000033;7.36500000000069;66.2079999999996;19.7039999999997
136;5.57399999999961;4.27700000000004;19.5810000000001;6.11899999999969
83;4.28200000000015;3.90000000000055;12.424;4.3090000000002
831;16.3680000000004;11.3870000000006;126.249;37.9639999999999
742;13.3109999999997;9.09299999999985;113.586;34.6050000000005
338;8.20499999999993;6.68299999999999;49.8519999999999;15.9750000000004
625;12.9669999999996;8.85900000000038;95.6730000000007;30.4809999999998
124;5.72599999999966;4.64700000000084;17.8689999999997;5.37100000000009
238;7.25500000000011;5.64400000000023;36.8509999999997;11.5889999999999
448;9.95600000000013;7.02400000000034;67.4009999999998;19.1450000000004
63;3.68100000000049;3.83100000000013;9.33700000000044;2.89400000000023
885;16.3409999999994;10.7829999999994;132.978;41.4859999999999
699;14.6179999999995;10.0009999999993;102.225;33.1979999999994
564;11.7440000000006;8.78300000000127;98.8500000000004;26.8540000000012
49;4.32499999999891;4.02499999999964;8.31800000000112;2.58400000000074
244;10.027;7.24499999999898;42.0550000000003;13.5740000000005
451;13.5450000000001;9.28000000000065;77.4619999999995;23.0190000000002
848;18.8680000000004;14.5169999999998;146.011999999999;45.494999999999
239;10.7620000000006;8.11800000000039;41.6479999999992;13.4539999999997
390;11.6729999999989;8.63299999999981;69.4070000000011;20.598
876;20.0760000000009;13.2960000000003;150.505999999999;46.4110000000001
35;4.46299999999974;3.95300000000134;5.97999999999956;2.06600000000071
581;16.0640000000003;11.5889999999999;101.299000000001;30.8179999999993
480;13.8990000000013;12.0169999999998;81.4749999999985;25.7309999999998
313;11.5879999999997;8.53199999999924;55.4320000000007;16.8340000000007
113;7.14800000000105;5.85899999999856;19.5040000000008;6.19700000000012
527;14.9140000000007;11.7549999999992;88.8999999999996;27.2999999999993
12;3.04599999999846;2.84200000000055;1.74300000000039;0.626000000000204
300;8.64799999999923;6.17799999999988;50.4070000000011;14.1149999999998
628;16.1099999999988;11.1980000000003;107.407999999999;32.5329999999994
26;3.77400000000125;3.91899999999987;4.28800000000047;1.44000000000051
700;18.6910000000007;12.0069999999996;119.51;35.9030000000002
277;10.8330000000005;8.94100000000071;45.0879999999997;13.3649999999998
880;16.0840000000007;14.6970000000001;128.259999999998;44.0449999999983
48;3.63299999999981;3.3119999999999;7.31400000000031;2.71799999999894
685;14.875;9.20100000000093;101.839;31.1400000000012
15;2.76800000000003;2.49599999999919;2.4890000000014;1.37199999999939
989;16.7749999999996;10.6679999999997;143.027;42.6389999999992
621;12.8670000000002;9.0059999999994;92.3340000000007;27.219000000001
216;6.84199999999873;5.3859999999986;29.9310000000005;10.3889999999992
829;16.2800000000007;9.93299999999908;121.777;37.6759999999995
593;13.6190000000006;7.83200000000033;84.509;27.8889999999992
325;8.78700000000026;6.79300000000148;48.4809999999998;17.3960000000006
49;3.66799999999967;2.6299999999992;6.53000000000065;2.02599999999984
337;8.6260000000002;5.97500000000036;47.6380000000008;14.8400000000001
838;16.2060000000001;10.6059999999998;119.849999999999;37.0969999999998
391;9.48300000000017;5.94900000000052;59.1589999999997;16.9120000000003
252;7.58299999999872;5.86000000000058;37.4249999999993;11.2960000000003
594;11.8459999999995;7.96399999999994;87.6540000000005;25.5379999999986
961;17.9500000000007;11.3829999999998;139.662;42.9189999999999
567;11.6970000000001;8.35900000000038;88.4319999999989;24.6489999999994
410;9.82400000000052;6.95199999999932;59.1919999999991;18.0739999999987
627;12.621000000001;9.04200000000128;93.1869999999999;29.8420000000006
189;6.01000000000022;4.40999999999985;26.1930000000011;7.48499999999876
427;9.66300000000047;7.83199999999852;66.8009999999995;19.491
343;8.36599999999999;6.52999999999884;49.723;16.9179999999997
750;16.8260000000009;10.6419999999998;112.677;34.7420000000002
366;10.2430000000004;6.82099999999991;53.619999999999;16.4300000000003
580;12.1649999999991;8.82899999999972;87.2790000000005;24.523000000001
848;16.4740000000002;11.2569999999996;131.218999999999;36.2489999999998
357;10.3089999999993;7.76200000000063;60.4400000000005;18.6899999999987
839;17.5900000000001;12.0020000000004;136.895999999999;43.7909999999993
360;10.6800000000003;7.88899999999921;58.4980000000014;17.3340000000007
981;20.0610000000015;14.9259999999995;161.684999999999;48.6910000000007
950;19.7039999999997;13.4580000000005;157.025;47.0810000000001
453;12.0299999999988;8.89400000000023;75.8299999999999;22.7920000000013
769;18.1920000000009;10.8860000000004;129.833999999999;38.5889999999999
627;14.0249999999996;9.96600000000035;102.425000000001;30.2750000000015
813;19.6489999999994;13.8389999999999;134.786;40.4500000000007
370;10.4560000000001;7.36700000000019;64.8040000000001;18.0579999999991
516;12.9439999999995;9.38800000000083;84.8949999999986;25.0679999999993
828;19.3960000000006;13.0939999999991;134.419999999998;42.6309999999994
907;20.0220000000008;13.4150000000009;149.483;44.1919999999991
426;12.2000000000007;9.38200000000143;71.5920000000006;20.9409999999989
78;5.34000000000015;4.57500000000073;12.5969999999979;3.8839999999982
687;16.0360000000001;10.612000000001;114.142;35.8700000000026
716;15.5339999999997;11.7139999999999;119.072999999997;37.2920000000013
877;19.3509999999987;13.2599999999984;145.636000000002;43.5809999999983
541;13.523000000001;9.41300000000047;83.3250000000007;26.0840000000026
537;13.0030000000006;7.80400000000009;83.7729999999974;27.1440000000002
750;15.512999999999;11.5039999999972;122.942000000003;38.4989999999998
708;15.8549999999996;10.5969999999979;119.508000000002;34.719000000001
435;13.6519999999982;8.6160000000018;73.255000000001;22.6980000000003
17;3.30600000000049;3.28099999999904;2.59599999999773;0.937999999998283
143;6.46499999999651;5.60299999999916;23.6239999999998;7.67399999999907
577;15.4069999999992;11.8460000000014;93.5619999999981;30.2890000000007
857;19.1739999999991;13.3909999999996;142.664000000001;42.0269999999982
47;4.0669999999991;3.49499999999898;7.27400000000125;2.46700000000055
575;14.2999999999993;9.46600000000035;92.3819999999978;27.6790000000001
978;21.7799999999988;13.3889999999992;157.017;48.7960000000021
516;14.5720000000001;9.60599999999977;83.7180000000008;25.2160000000003
224;8.01199999999881;6.57399999999689;35.7229999999981;11.0380000000005
226;8.62000000000262;6.51399999999921;36.7340000000004;11.1919999999991
761;16.7559999999976;11.898000000001;124.705999999998;35.5960000000014
594;14.7590000000018;10.6729999999989;96.1630000000005;28.2959999999985
116;6.01500000000306;4.69999999999709;18.780999999999;5.56300000000192
837;18.9670000000006;12.4889999999978;134.468000000001;42.5560000000005
923;19.8109999999979;13.7150000000001;149.817999999999;45.8259999999973
137;7.16500000000087;5.58399999999892;21.4279999999999;6.65400000000227
225;8.43100000000049;6.16800000000148;38.2570000000014;10.5329999999994
984;22.7100000000028;14.1280000000006;164.432000000001;50.1129999999976
781;17.3559999999998;10.8990000000013;124.109;37.2229999999981
879;18.8389999999999;12.5519999999997;141.633999999998;42.719000000001
466;12.4429999999993;8.60300000000279;76.9250000000029;22.9239999999991
331;11.2389999999978;8.1239999999998;52.5540000000001;17.4619999999995
26;3.3739999999998;3.40899999999965;4.11999999999898;1.53900000000067
271;10.7770000000019;7.26800000000003;44.0140000000029;14.0580000000009
61;4.70699999999852;4.25400000000081;10.2089999999989;3.42399999999907
53;4.83499999999913;4.54099999999744;8.49200000000201;2.77200000000084
206;7.7390000000014;6.87200000000303;34.8549999999996;10.4130000000005
816;18.0879999999997;13.4469999999965;135.546000000002;40.0939999999973
834;18.2549999999974;11.9809999999998;136.012000000002;40.8389999999999
614;16.6340000000018;12.2469999999994;101.330000000002;30.2749999999978
211;7.73399999999674;6.47599999999875;34.4459999999999;10.5099999999984
815;18.7279999999992;12.3839999999982;137.995999999999;41.5750000000007
893;20.1330000000016;13.637999999999;154.626;46.3479999999981
317;10.757999999998;8.40999999999985;53.0889999999999;16.7779999999984
371;11.4619999999995;8.26299999999901;61.7069999999985;18.7939999999981
208;7.40599999999904;5.82099999999991;31.7769999999982;9.51100000000224
410;11.405999999999;8.24599999999919;66.6520000000019;21.7820000000029
797;18.8249999999971;12.2829999999994;129.014999999999;40.6470000000008
483;13.5090000000018;9.3760000000002;79.1800000000003;23.7819999999992
181;8.16799999999785;5.95499999999811;28.6319999999978;9.16100000000006
628;17.2040000000015;10.9579999999987;98.7829999999994;31.5299999999988
791;18.1610000000001;12.7340000000004;126.900999999998;38.4470000000001
68;4.61099999999715;6.17900000000009;11.1939999999995;3.18500000000131
645;14.9909999999982;10.9229999999989;105.588;31.2890000000007
127;6.07099999999991;6.24299999999857;20.2289999999994;6.60900000000038
339;10.8379999999997;8.35000000000218;58.1570000000029;17.1460000000006
647;16.7180000000008;11.1890000000021;109.159000000003;32.8309999999983
80;5.09600000000137;5.46299999999974;13.1860000000015;4.35800000000017
538;13.1569999999992;9.26499999999942;88.9399999999987;26.6529999999984
921;20.1970000000001;13.7710000000006;151.958999999999;46.3810000000012
514;13.3819999999978;9.9220000000023;82.5989999999983;24.7569999999978
481;13.4380000000019;9.4330000000009;80.7000000000007;24.5950000000012
744;14.7000000000007;9.4529999999977;110.315999999999;31.8849999999984
866;16.7459999999992;10.6260000000002;124.529999999999;39.3209999999999
746;14.4470000000001;9.50800000000163;108.124;32.387999999999
522;11.262999999999;7.63799999999901;75.1680000000015;21.112000000001
956;16.0519999999997;11.844000000001;139.595999999998;42.362000000001
627;13.2309999999998;8.0570000000007;92.0619999999981;27.1640000000007
127;5.22799999999916;4.18199999999706;18.6929999999993;5.55500000000029
474;12.8660000000018;9.10599999999977;70.6539999999986;18.7740000000013
227;7.53299999999945;5.49300000000221;33.3499999999985;10.4229999999989
743;15.143;9.02999999999884;112.975999999999;33.5919999999969
476;11.6659999999974;7.84400000000096;68.6900000000023;20.1169999999984
260;8.20599999999831;5.14400000000023;37.3230000000003;11.3019999999997
225;6.74599999999919;5.48300000000017;33.1759999999995;9.98099999999977
834;15.3690000000024;10.9840000000004;125.485000000001;39.4480000000003
928;15.6690000000017;11.3130000000019;137.863000000001;39.7570000000014
558;12.0629999999983;8.88100000000122;86.1009999999987;24.0449999999983
610;11.8680000000022;8.66700000000128;88.7569999999978;27.6130000000012
460;11.3020000000033;7.50600000000122;68.4399999999987;19.5030000000006
929;16.9180000000015;10.4779999999992;141.406999999999;47.0799999999981
477;11.280999999999;6.85699999999997;71.8099999999977;20.7930000000015
358;8.96900000000096;7.04999999999927;53.2669999999998;15.5370000000003
482;11.2890000000007;8.11399999999776;70.5159999999996;20.226999999999
497;11.6839999999975;7.54200000000128;73.4840000000004;21.1510000000017
698;14.5379999999968;9.20200000000114;102.919000000002;30.2299999999996
191;5.85099999999875;5.27600000000166;26.6599999999999;9.17099999999846
823;16.3130000000019;11.1640000000007;121.319;36.9279999999999
683;12.9939999999988;8.92599999999948;102.135999999999;29.7740000000013
733;14.8099999999977;10.3279999999977;107.563000000002;31.9549999999981
795;14.893;10.4060000000027;114.725000000002;35.0550000000003
830;17.242000000002;10.3669999999984;122.921999999999;36.7649999999994
814;15.7959999999985;11.0500000000029;124.73;36.6080000000002
588;12.8189999999995;8.40199999999822;90.2880000000005;25.1270000000004
166;6.3080000000009;4.59400000000096;25.4569999999985;7.81099999999788
201;6.62000000000262;5.39899999999761;30.7299999999996;9.70700000000215
301;7.5010000000002;5.95600000000195;44.7910000000011;13.6440000000002
731;14.3410000000003;10.4559999999983;112.093000000001;31.5969999999979
815;15.1670000000013;9.29900000000271;121.742999999999;40.1270000000004
432;10.0730000000003;6.93399999999747;65.0269999999982;20.3209999999999
897;16.0529999999999;10.8009999999995;132.527999999998;39.4989999999998
451;9.39600000000064;7.85499999999956;68.9700000000012;20.132999999998
172;6.17000000000189;5.88999999999942;24.5200000000004;7.51800000000003
392;9.06300000000192;7.24800000000323;58.1090000000004;15.1169999999984
868;16.1009999999987;11.5679999999993;127.439999999999;40.3789999999972
713;13.6160000000018;9.60099999999875;106.150000000001;29.6549999999988
279;7.70300000000134;5.43599999999788;41.1409999999996;12.8680000000022
563;12.3889999999992;8.22599999999875;86.4470000000001;24.4549999999981
94;4.29100000000108;3.45900000000256;13.4540000000015;4.08600000000297
741;13.4500000000007;9.79799999999886;117.059000000001;32.4410000000025
718;14.3049999999967;10.1409999999996;109.087000000003;33.5349999999999
891;15.8329999999987;11.7549999999974;135.610999999997;38.4599999999991
365;8.08199999999488;7.64699999999721;52.6960000000036;15.9839999999967
624;12.9779999999955;8.88199999999779;91.8589999999967;30.8250000000044
295;8.10300000000279;5.41400000000431;44.0429999999978;11.9779999999955
812;15.0710000000036;10.1300000000047;123.505999999994;34.6010000000024
946;16.0620000000054;12.1200000000026;147.896000000001;41.7390000000014
771;14.913999999997;9.36499999999796;118.270000000004;34.8410000000003
753;14.0370000000039;11.0310000000027;111.639999999999;32.5829999999987
892;17.4160000000047;10.851999999999;140.291000000005;42.3240000000005
875;17.3270000000048;11.4619999999995;128.415000000001;41.8669999999984
661;13.6519999999946;8.69599999999627;96.6839999999938;28.1599999999962
876;15.2640000000029;10.2419999999984;130.038999999997;38.2189999999973
999;17.1779999999999;12.6029999999955;149.848999999995;47.0469999999987
257;7.73200000000361;5.45900000000256;38.9270000000033;11.9660000000003
611;14.510000000002;7.94900000000052;93.125;26.836000000003
976;17.8810000000012;12.0559999999969;148;42.75
299;7.92799999999988;5.69500000000698;46.4929999999949;12.398000000001
746;13.4759999999951;9.59799999999814;113.200000000004;30.7439999999988
514;11.4629999999961;8.23099999999977;73.6990000000005;23.5910000000003
402;9.01900000000023;7.04499999999825;61.4949999999953;19.2019999999975
387;9.64199999999983;6.52900000000227;54.890999999996;16.7960000000021
275;8.20200000000477;5.36299999999756;41.5800000000017;12.9349999999977
500;12.6970000000001;7.48599999999715;74.1960000000036;22.1529999999984
462;9.50699999999779;6.70200000000477;68.7719999999972;22.2860000000001
514;11.8119999999981;7.84199999999691;79.6010000000024;24.538999999997
458;9.75500000000466;7.12299999999959;69.3050000000003;20.6809999999969
242;7.2870000000039;5.24799999999959;36.6129999999976;10.8889999999956
343;8.39900000000489;6.20100000000093;51.1719999999987;15.4250000000029
662;12.2490000000034;8.92600000000675;102.146000000001;30.0679999999993
758;13.9919999999984;11.1059999999998;118.786999999997;35.3240000000005
769;14.2809999999954;8.95999999999913;117.152999999998;32.637999999999
835;15.3799999999974;10.4449999999997;127.466;38.2830000000031
498;10.7560000000012;7.88300000000163;78.2840000000069;22.7390000000014
296;7.58599999999569;5.98099999999977;46.8320000000022;13.221000000005
457;10.3029999999999;6.50099999999657;71.1270000000004;21.3529999999955
238;7.0570000000007;4.89600000000064;35.4669999999969;10.3700000000026
74;4.83899999999994;4.04499999999825;11.0750000000044;3.70700000000215
140;5.08099999999831;4.11000000000058;20.0840000000026;6.26900000000023
807;15.3379999999961;10.5899999999965;121.200000000004;34.9250000000029
669;13.2390000000014;9.68499999999767;96.5839999999953;29.0080000000016
177;5.76900000000023;5.51499999999942;26.5120000000024;7.36000000000058
920;16.7050000000017;10.5619999999981;141.241000000002;42.0199999999968
816;14.2880000000005;9.70599999999831;124.502999999997;34.6489999999976
406;10.1330000000016;6.74700000000303;60.3110000000015;17.1699999999983
671;13.4530000000013;9.08200000000215;100.202000000005;30.2679999999964
7;2;1.47000000000116;0.982000000003609;0.402999999998428
945;16.3790000000008;10.3739999999962;145.042000000001;42.6450000000041
61;3.53600000000006;2.9539999999979;9.34700000000157;2.57100000000355
115;4.74399999999878;3.7960000000021;16.4459999999963;5.1359999999986
640;12.1800000000003;8.44599999999627;97.1339999999982;28.3940000000002
168;5.98300000000017;4.3640000000014;27.2359999999971;7.42399999999907
406;9.12800000000425;7.12700000000041;59.8139999999985;19.1419999999998
174;5.88100000000122;4.65800000000309;24.5749999999971;7.45500000000175
407;10.1549999999988;7.45999999999913;64.0780000000013;19.5270000000019
425;9.90000000000146;8.15699999999924;62.7379999999976;21.0480000000025
725;13.0550000000003;9.54100000000471;111.837;32.4800000000032
692;13.6569999999992;10.2450000000026;103.662999999993;30.101999999999
356;8.47599999999511;6.4719999999943;55.127999999997;15.8899999999994
752;14.0109999999986;9.7129999999961;114.084999999999;34.1900000000023
517;11.0520000000033;7.77000000000407;77.5970000000016;22.6300000000047
414;9.48500000000058;6.64899999999761;62.8650000000052;18.4239999999991
18;2.125;2.11699999999837;2.66300000000047;0.894000000000233
709;13.0090000000055;10.5559999999969;109.275000000001;32.3059999999969
531;11.1779999999999;8.56900000000314;81.6399999999994;22.8110000000015
528;10.9979999999996;7.74000000000524;78.4069999999992;22.877999999997
175;5.48799999999756;4.55299999999988;27.3269999999975;7.77000000000407
617;12.2090000000026;9.31199999999808;91.9599999999991;27.0580000000045
8;1.51199999999517;1.6140000000014;1.04699999999866;0.449000000000524
689;13.3790000000008;8.64899999999761;103.704999999994;29.9570000000022
451;10.2609999999986;7.02599999999802;67.3009999999995;19.3990000000049
775;13.9559999999983;9.71899999999732;119.084000000003;33.5699999999997
324;8.17399999999907;6.35899999999674;48.1050000000032;15.1679999999978
188;6.44700000000012;4.98399999999674;27.926999999996;9.38100000000122
513;11.2929999999978;8.10900000000402;77.1029999999955;23.3399999999965
404;9.91599999999744;8.47000000000116;63.7319999999963;19.0869999999995
228;6.80799999999726;4.74799999999959;35.8609999999971;9.77599999999802
903;16.6719999999987;11.9279999999999;142.284999999996;39.8940000000002
578;12.2419999999984;7.77700000000186;86.7059999999983;25.3080000000045
786;14.0190000000002;10.5550000000003;123.726999999999;34.7649999999994
625;12.8410000000003;9.39899999999761;96.0829999999987;27.7989999999991
249;7.60499999999593;5.93299999999726;35.8100000000049;11.1389999999956
279;7.73400000000402;5.60800000000017;42.1610000000001;11.7770000000019
941;18.372000000003;11.2549999999974;145.593999999997;42.153999999995
847;15.4850000000006;10.8910000000033;133.146000000001;39.1290000000008
215;6.47599999999511;5.40800000000309;34.2570000000051;9.65400000000227
183;5.98099999999977;4.59599999999773;30.112000000001;8.06299999999464
874;16.5629999999946;11.6739999999991;145.526999999995;43.8060000000041
238;8.10900000000402;5.3289999999979;37.7249999999985;11.2869999999966
529;12.3289999999979;8.28499999999622;87.0370000000039;24.3159999999989
872;14.8190000000031;10.5910000000003;139.968000000001;38.6050000000032
345;9.97299999999814;6.64300000000367;58.8489999999947;14.9809999999998
246;6.95799999999872;5.29499999999825;36.3229999999967;10.7729999999938
701;13.1820000000007;8.22300000000541;108.375;30.3430000000008
430;9.94200000000274;7.13700000000244;71.635000000002;18.8930000000037
640;13.8100000000049;10.5469999999987;103.824999999997;29.3549999999959
422;9.42600000000675;7.13700000000244;69.2160000000003;19.2439999999988
983;17.476999999999;12.237000000001;159.855000000003;46.1600000000035
227;7.00299999999697;6.69099999999889;37.635000000002;11.0729999999967
37;2.97099999999773;2.8070000000007;5.53600000000006;1.87299999999959
938;17.362000000001;11.1359999999986;147.329999999994;44.5509999999995
487;11.9950000000026;7.25099999999657;75.5790000000052;22.0969999999943
974;19.0899999999965;11.4470000000001;153.849999999999;43.6699999999983
235;6.84399999999732;5.58600000000297;36.6949999999997;11.6929999999993
783;15.3079999999973;10.3450000000012;127.547000000006;36.273000000001
967;17.9560000000056;11.9890000000014;152.245999999999;44.3260000000009
771;15.0030000000042;10.1189999999988;124.063999999998;38.2580000000016
830;16.1080000000002;10.7890000000043;130.498;35.5750000000044
197;6.1359999999986;5.08999999999651;31.8520000000062;8.07499999999709
513;11.5970000000016;7.94899999999325;82.0509999999995;23.1630000000005
590;14.114999999998;8.40400000000227;93.2619999999952;27.4930000000022
946;19.6319999999978;11.0490000000063;150.131999999998;44.211000000003
555;11.9950000000026;8.8379999999961;91.6070000000036;25.3820000000051
571;11.9910000000018;9.98700000000099;92.4590000000026;25.023000000001
998;19.1370000000024;12.1500000000015;157.396999999997;44.1719999999987
431;11.2200000000012;7.96300000000338;65.3220000000001;19.7639999999956
203;6.43000000000029;6.59500000000116;33.5199999999968;10.122000000003
389;9.34300000000076;8.17599999999948;66.0049999999974;19.0609999999942
481;11.7339999999967;7.65899999999965;76.8079999999973;23.8729999999996
422;10.775999999998;6.70500000000175;67.8000000000029;19.5989999999947
327;8.4739999999947;6.77500000000146;53.1100000000006;15.4270000000033
53;3.41599999999744;2.96399999999994;7.96899999999732;2.54299999999785
511;12.3709999999992;7.68400000000111;82.2710000000006;23.0109999999986
83;4.13199999999779;3.87600000000384;11.864999999998;3.89300000000367
815;16.987000000001;11.3409999999931;132.155999999995;38.3800000000047
615;13.1030000000028;8.62999999999738;95.1380000000063;27.3629999999976
528;11.3340000000026;8.24300000000221;81.9830000000002;23.3580000000002
252;7.06500000000233;5.51600000000326;39.8050000000003;12.1600000000035
893;16.4800000000032;11.2400000000052;138.373999999996;41.375
681;13.6589999999997;9.59500000000116;111.856;31.7909999999974
90;4.6820000000007;4.10900000000402;14.9510000000009;4.85100000000239
628;12.9989999999962;8.80500000000029;98.8640000000014;30.737000000001
674;13.5840000000026;10.2749999999942;112.348000000005;31.0069999999978
141;5.26199999999517;3.94999999999709;21.1820000000007;7.00100000000384
772;15.3650000000052;11.5160000000033;131.463000000003;35.2160000000003
709;16.9490000000005;9.59799999999814;114.936000000002;33.6089999999967
308;7.6160000000018;5.98399999999674;48.3760000000038;13.9809999999998
221;6.49300000000221;5.79099999999744;35.5840000000026;10.2960000000021
208;6.37099999999919;5.60800000000017;31.9540000000052;10.1579999999958
973;20.5670000000027;12.8630000000048;158.831999999995;44.9309999999969
917;16.900999999998;11.0930000000008;149.615000000005;41.5889999999999
81;3.87800000000425;3.01299999999901;11.775999999998;3.56900000000314
725;14.2059999999983;9.81300000000192;115.436999999998;34.9809999999998
59;3.83800000000338;3.04299999999785;8.38799999999901;2.62700000000041
967;17.9969999999958;11.9660000000003;162.914000000004;43.1920000000027
947;17.3930000000037;13.1219999999958;152.337;47.5449999999983
845;15.6500000000015;11.4289999999964;133.511999999995;40.2419999999984
542;11.9780000000028;7.58499999999913;85.849000000002;23.4559999999983
896;16.8589999999967;11.4530000000013;141.767999999996;41.676999999996
441;10.2279999999955;7.44599999999627;72.226999999999;19.7560000000012
71;3.84500000000116;3.80099999999948;10.6909999999989;2.91400000000431
463;10.1569999999992;7.25700000000506;74.0889999999999;20.4979999999996
300;8.4539999999979;7.1339999999982;49.5349999999962;13.4700000000012
463;10.7400000000052;7.50300000000425;77.7770000000019;21.2879999999932
107;5.05500000000029;3.47400000000198;17.1080000000002;4.91100000000006
917;16.9060000000027;11.3020000000033;149.178;43.4910000000018
748;15.4250000000029;10.8839999999982;121.129999999997;35.2639999999956
49;3.66800000000512;3.30599999999686;7.98099999999977;2.32299999999668
24;2.66900000000169;2.48799999999756;4.35300000000279;1.3070000000007
43;3.00500000000466;3.04400000000169;6.60100000000239;1.88199999999779
664;13.6600000000035;10.2669999999998;106.767;31.7359999999971
754;14.8140000000058;10.471000000005;123.288;38.6889999999985
912;17.9040000000023;11.6939999999959;149.343999999997;43.0740000000005
615;12.5940000000046;9.09900000000198;97.6070000000036;29.4399999999951
265;7.41100000000006;5.28299999999581;43.5509999999995;12.6540000000023
450;10.8729999999996;7.40800000000309;73.4800000000032;21.6699999999983
289;7.84100000000035;7.18499999999767;48.724000000002;15.5880000000034
858;18.3479999999981;11.2359999999971;144.166000000005;40.0120000000024
513;10.7540000000008;8.14800000000105;84.9369999999981;23.885000000002
876;17.0339999999997;11.0080000000016;142.105000000003;40.1009999999951
279;7.6140000000014;5.79399999999441;42.775999999998;11.9159999999974
566;12.0939999999973;7.70200000000477;91.851999999999;27.1290000000008
620;12.8229999999967;8.73300000000017;101.572999999997;27.2459999999992
527;11.4959999999992;7.99399999999878;84.7150000000038;24.6270000000004
907;19.4110000000001;11.6840000000011;145.396999999997;45.3240000000005
237;7.21500000000378;5.76400000000285;40.9890000000014;13.0650000000023
196;6.00500000000466;4.91100000000006;30.9130000000005;8.29400000000169
940;17.0040000000008;10.7220000000016;152.811000000002;41.885000000002
401;9.66000000000349;8.43999999999505;65.5169999999998;18.6239999999962
926;18.6330000000016;11.9059999999954;149.475999999995;42.4349999999977
76;3.87199999999575;3.11999999999534;11.9360000000015;3.24199999999837
504;11.5360000000001;8.833000000006;83.2569999999978;24.8349999999991
168;6.07900000000518;5.77399999999761;25.5649999999951;7.58100000000559
822;15.7589999999982;10.3770000000004;138.101000000002;38.0769999999975
397;9.55799999999726;6.9519999999975;65.226999999999;18.7280000000028
52;3.60100000000239;3.22699999999895;9;2.30199999999604
521;11.1280000000042;8.90699999999924;84.8689999999988;24.5809999999983
284;7.68699999999808;5.84500000000116;48.7069999999949;12.7160000000003
547;11.8389999999999;9.48800000000483;87.8369999999995;26.9879999999976
475;11.3240000000005;8.16500000000087;78.3300000000017;21.6330000000016
859;17.8479999999981;11.9080000000031;143.898000000001;41.448000000004
465;10.3870000000024;7.65900000000693;74.648000000001;21.4159999999974
736;14.6949999999997;9.73799999999756;118.909;36.9409999999989
106;4.56899999999587;3.98300000000017;16.3890000000029;5.05000000000291
938;18.0339999999997;12.2419999999984;151.951999999997;45.2019999999975
326;8.63699999999517;6.02499999999418;53.8269999999975;14.3410000000003
675;13.7119999999995;10.0489999999991;110.834000000003;30.2549999999974
474;10.2309999999998;7.30199999999604;74.7620000000024;22.5520000000033
247;7.19499999999971;5.19599999999627;39.1469999999972;11.4559999999983
67;3.88900000000285;3.66100000000006;10.7249999999985;3.10199999999895
164;5.8440000000046;4.44600000000355;27.5610000000015;7.39999999999418
333;8.41999999999825;6.64699999999721;54.5420000000013;14.5329999999958
419;9.9539999999979;7.11299999999756;66.4699999999939;20.5919999999969
254;7.35399999999936;5.34900000000198;44.622000000003;12.4409999999989
971;18.1889999999985;12.8729999999996;158.692999999999;47.836000000003
979;18.4729999999981;12.2490000000034;157.259999999995;47.1900000000023
355;8.92199999999866;6.81499999999505;56.9199999999983;18.1469999999972
659;14.372000000003;9.18400000000111;104.936999999998;30.1260000000038
663;14.4369999999981;9.07400000000052;105.168999999994;30.4819999999963
336;8.57500000000437;6.28399999999965;55.1659999999974;15.9940000000061
229;7.4230000000025;5.80900000000111;37.3220000000001;11.2059999999983
150;5.45999999999913;4.66700000000128;24.8100000000049;6.22499999999854
4;1.40499999999884;1.44399999999587;0.516999999999825;0.215000000003783
842;17.3150000000023;12.1650000000009;138.006999999998;46.487000000001
226;7.02100000000064;5.17700000000332;36.2609999999986;10.2149999999965
482;11.4069999999992;8.19099999999889;80.609000000004;22.5139999999956
488;10.9619999999995;7.76000000000204;80.2560000000012;22.9919999999984
268;7.09000000000378;6.42399999999907;43.5819999999949;11.7149999999965
98;4.49499999999534;4.09700000000157;15.2719999999972;5.15800000000309
943;17.260000000002;12.6100000000006;158.394;45.1660000000047
702;13.3229999999967;9.96999999999389;114.465000000004;31.8629999999976
378;9.625;6.80399999999645;63.3799999999974;17.5999999999985
195;6.40099999999802;5.32800000000134;31.2870000000039;9.68699999999808
112;4.77799999999843;4.1449999999968;18.3210000000036;4.97699999999895
805;15.1800000000003;10.1850000000049;132.278999999995;37.301999999996
512;11.3290000000052;7.75;83.8090000000011;23.5279999999984
509;11.0689999999959;8.57600000000093;84.3179999999993;23.7309999999998
56;3.67700000000332;3.41500000000087;8.69499999999971;2.90899999999965
622;13.3240000000005;9.03800000000047;98.6650000000009;29.3699999999953
154;5.44900000000052;6.1359999999986;22.3309999999983;8.22499999999854
363;8.81199999999808;6.55799999999726;56.7309999999998;16.5140000000029
749;15.1610000000001;9.25699999999779;118.543000000005;33.75
617;13.5610000000015;8.83299999999872;99.2839999999997;30.0480000000025
131;4.95599999999831;3.73500000000058;20.4470000000001;6.57700000000477
806;15.8539999999994;9.75699999999779;127.555999999997;37.9029999999984
371;8.92199999999866;6.75699999999779;59.0109999999986;16.3739999999962
532;11.8080000000045;7.67699999999604;83.5979999999981;26.1460000000006
272;7.37600000000384;5.83000000000175;41.3940000000002;12.586000000003
631;12.9339999999938;8.72800000000279;100.143000000011;30.6600000000035
296;8.66700000000128;5.90700000000652;48.4300000000076;13.6889999999985
729;14.7060000000056;10.7050000000017;114.180000000008;31.9479999999894
418;9.62699999999313;7.46600000000035;66.4139999999898;20.1429999999964
701;14.3600000000006;10.1760000000068;113.792000000001;32.7770000000019
592;12.0760000000009;8.53599999999278;95.0639999999985;29.2379999999976
410;9.63900000001013;7.27000000000407;64.7330000000075;18.3489999999874
731;15.3509999999951;10.6600000000035;118.236999999994;32.5280000000057
386;9.21499999999651;6.92600000000675;57.900999999998;17.8410000000003
682;13.9960000000137;8.96299999998882;107.680000000008;33.2569999999978
425;10.0629999999946;7.49199999999837;71.0430000000051;20.0489999999991
352;9.07499999999709;7.4719999999943;55.7700000000041;15.9690000000119
862;17.4339999999938;10.5169999999925;136.943999999989;39.8760000000038
589;13.0449999999983;8.40599999998813;96.5499999999884;28.9340000000084
205;6.77700000000186;5.62800000001153;32.0510000000068;9.78100000000268
301;7.59000000001106;6.49599999999919;46.7599999999948;13.205999999991
872;16.3730000000069;11.8449999999866;140.648000000001;41.6190000000061
192;6.41200000001118;4.8579999999929;29.3510000000097;9.05299999999988
495;11.2799999999988;8.12799999999697;80.3889999999956;23.6290000000008
4;1.65999999998894;1.31699999999546;0.592999999993481;0.290000000008149
70;3.89599999999336;4.13700000000244;10.3089999999938;3.56500000000233
528;11.9940000000061;7.64900000000489;82.6330000000016;25.3570000000036
942;18.3820000000123;11.502999999997;154.726999999999;45.6070000000036
235;7.26299999999173;6.03800000000047;37.9170000000013;10.8990000000049
235;7.14400000000023;5.95500000000175;39.9689999999973;12.5099999999948
657;12.7220000000088;9.67500000000291;104.303;31.0200000000041
362;8.72800000000279;6.6990000000078;57.0299999999988;18.1180000000022
92;3.89300000001094;3.61099999998987;13.7149999999965;4.41300000000047
708;13.5699999999924;9.54800000000978;113.311000000002;33.6830000000045
859;17.1529999999912;12.8410000000003;136.987999999998;41.6239999999962
70;3.76399999999558;3.46300000000338;10.4850000000006;3.02300000000105
974;18.6640000000043;12.2459999999992;156.362000000008;46.1720000000059
870;16.2619999999879;11.8150000000023;138.067999999999;40.8680000000022
835;15.971000000005;11.4630000000034;132.679999999993;41.0489999999991
218;6.53900000000431;5.51600000000326;34.7229999999981;11.054999999993
627;13.2799999999988;8.36199999999371;100.894;29.0690000000031
945;18.8559999999998;12.5109999999986;158.149999999994;48.476999999999
509;10.9499999999971;7.9320000000007;82.2079999999987;23.7350000000006
334;8.55999999999767;5.53500000000349;52.4789999999921;15.1540000000095
949;17.1959999999963;11.0160000000033;153.585999999996;42.8570000000036
192;6.23700000000827;5.00400000000081;29.1189999999915;8.13999999999942
324;8.57999999998719;6.23099999999977;52.0080000000016;14.6750000000029
891;17.2690000000002;10.4210000000021;145.610000000001;43.0010000000038
886;16.3929999999964;10.5619999999908;144.614999999991;41.9490000000078
796;15.6159999999945;10.0720000000001;128.441000000006;38.6749999999884
951;18.4290000000037;11.5270000000019;160.063999999998;45.5019999999931
655;13.3450000000012;9.43099999999686;107.897000000012;32.9980000000069
945;17.7160000000003;11.1779999999999;155.725000000006;44.7590000000055
360;9.0509999999922;6.70100000000093;58.1809999999969;18.5690000000031
530;12.2709999999934;7.46600000000035;85.4150000000081;26.6429999999964
995;19.2479999999923;11.9570000000094;164.160999999993;48.7389999999868
260;7.27199999999721;5.67399999999907;41.1379999999917;12.4100000000035
989;19.5789999999979;12.43299999999;158.603000000003;49.0660000000062
421;9.8640000000014;7.76399999999558;68.9029999999912;19.6609999999928
638;12.0470000000059;8.74000000000524;103.475999999995;29.2799999999988
451;10.9150000000081;6.5570000000007;73.601999999999;19.9600000000064
300;7.86000000000058;6.12200000000303;49.3070000000007;13.5429999999906
291;7.86500000000524;5.86199999999371;47.7399999999907;13.6389999999956
362;9.50900000000547;6.99300000000221;57.9670000000042;16.6180000000022
746;15.0369999999966;9.52599999999802;124.084999999992;34.3540000000066
820;15.7160000000003;10.5739999999932;136.816999999995;40.6429999999964
467;10.8410000000003;8.41400000000431;77.6330000000016;21.6369999999879
708;13.7939999999944;10.4850000000006;116.525000000009;34.3999999999942
66;3.72599999999511;2.97900000000664;10.5040000000008;3.1189999999915
415;11.1469999999972;7.15399999999499;70.3479999999981;19.721000000005
619;12.0570000000007;8.29799999999523;104.05799999999;28.9759999999951
281;8.25400000000081;6.97599999999511;45.5469999999914;13.9949999999953
148;5.61200000000827;4.78399999999965;24.400999999998;7.55299999999988
431;10.3450000000012;7.75299999999697;70.7850000000035;19.8359999999957
610;12.9539999999979;8.78500000000349;100.720000000001;28.4230000000098
505;11.426999999996;8.20100000000093;84.9730000000127;25.4619999999995
259;7.89699999999721;5.92600000000675;40.8390000000072;11.9850000000006
934;17.1349999999948;11.3439999999973;154.641000000003;44.3919999999925
915;18.2870000000112;10.9569999999949;152.362999999998;45.9279999999999
642;14.1319999999978;9.33000000000175;103.748999999996;29.7900000000081
208;7.48600000000442;5.63199999999779;35.1889999999985;11.9729999999981
277;7.83300000001327;6.30500000000757;46.0720000000001;13.9379999999946
788;14.8059999999969;10.5829999999987;133.081000000006;38.773000000001
333;8.39199999999255;6.17999999999302;53.9709999999905;16.1169999999984
898;17.426999999996;11.1079999999929;147.826000000001;42.9799999999959
931;18.3580000000075;13.1270000000077;153.842000000004;43.8940000000002
232;6.7780000000057;5.45999999999185;36.7850000000035;11.1790000000037
472;10.955999999991;7.95299999999406;79.6170000000129;23.0019999999931
420;9.82499999999709;7.21100000001024;70.4660000000003;20.4729999999981
831;17.0539999999892;10.1809999999969;139.535999999993;40.351999999999
839;15.7780000000057;10.5239999999903;137.885999999999;37.9619999999995
235;7.41500000000815;5.78800000000047;37.6530000000057;10.872000000003
76;4.1140000000014;3.27700000000186;11.7030000000086;3.76199999998789
798;15.5849999999919;10.6389999999956;131.003999999986;38.3050000000076
903;18.1570000000065;11.6459999999934;150.778000000006;44.1150000000052
884;18.4099999999889;10.3340000000026;143.698999999993;42.1809999999969
662;13.8059999999969;10.1339999999909;110.191999999995;32.0300000000134
180;6.59300000000803;4.83699999999953;30.9330000000045;10.1959999999963
454;10.3080000000045;7.26600000000326;74.7509999999893;19.7060000000056
591;11.7260000000097;9.38800000000629;105.055000000008;28.0240000000049
589;12.6630000000005;8.24799999999232;96.5040000000008;27.7430000000022
987;19.5739999999932;13.2949999999983;168.505000000005;47.9799999999959
527;12.6849999999977;8.59800000001269;87.4260000000068;25.2479999999923
878;17.1069999999891;11.5610000000015;171.612999999998;53.6760000000068
836;18.5570000000007;12.9569999999949;164.248999999996;53.846000000005
244;8.66000000000349;6.66300000000047;46.7250000000058;15.1339999999909
537;11.4669999999896;8.11100000000442;88.7160000000003;24.8249999999971
734;14.4110000000073;9.86800000000221;122.895999999993;33.7540000000008
606;12.1719999999914;8.5570000000007;102.865000000005;29.0760000000009
354;9.29200000000128;5.92600000000675;59.3999999999942;16.7909999999974
616;12.5020000000077;8.36100000000442;103.900999999998;30.0210000000079
132;5.3070000000007;4.63700000000244;22.2599999999948;6.15099999999802
248;6.90200000000186;6.00599999999395;43.3889999999956;12.1560000000027
419;9.65999999998894;7.20300000000861;71.5249999999942;20.6619999999966
286;8.10000000000582;5.40200000000186;46.9660000000003;13.6000000000058
414;9.82300000000396;7.58199999999488;69.4709999999905;20.5469999999914
325;8.21199999999953;5.92900000000373;53.9729999999981;15.9170000000013
455;10.7170000000042;7.81900000000314;75.6260000000038;22.6040000000066
396;9.36599999999453;7.05599999999686;67.6150000000052;20.198000000004
776;15.099000000002;10.099000000002;132.487999999998;37.1290000000008
341;9.43799999999464;6.59100000000035;57.7779999999912;15.625
18;2.54399999999441;2.26799999999639;2.97699999999895;0.869999999995343
38;2.87599999998929;2.63900000001013;5.71499999999651;2
477;10.3960000000079;6.88799999999173;80.8650000000052;22.6870000000054
52;3.2039999999979;3.18799999999464;8.4890000000014;2.83999999999651
472;11.6260000000038;7.55600000001141;79.7740000000049;28.400999999998
938;16.823000000004;11.3629999999976;160.724999999991;44.9410000000062
244;6.64500000000407;4.73300000000745;41.7690000000002;12.375
666;12.9850000000006;8.86200000000827;113.705000000002;30.773000000001
754;14.9339999999938;9.49799999999232;127.27399999999;35.4300000000076
566;11.7889999999898;8.51200000000244;94.2010000000009;28.721000000005
532;11.0869999999995;7.84999999999127;90.0190000000002;25.1180000000022
566;11.5850000000064;7.94800000000396;94.4089999999997;27.2720000000118
375;8.83100000000559;6.7670000000071;62.5420000000013;18.3280000000086
125;5.50400000000081;4.64400000000023;20.5219999999972;6.39000000001397
723;14.2379999999976;8.95799999999872;124.593999999997;36.5910000000003
680;13.6699999999983;10.4180000000051;116.448000000004;34.2390000000014
307;11.8339999999998;8.27100000000019;59.1419999999998;22.6280000000002
215;8.21000000000004;6.56299999999965;39.7339999999999;13.0879999999997
906;20.8969999999999;15.5059999999999;163.461;49.741
218;8.97699999999986;7.34099999999989;40.1770000000001;12.2509999999997
456;15.489;10.4340000000002;86.4180000000001;25.8989999999999
708;19.9610000000002;14.2309999999998;134.66;40.808
499;17.2579999999998;11.5349999999999;92.8559999999998;28.7080000000001
940;26.3499999999999;17.489;180.097;52.2840000000001
857;23.2190000000001;14.7860000000001;163.828;50.2750000000001
563;16.3190000000004;12.2799999999997;106.545999999999;31.652
117;7.59199999999964;5.95500000000084;21.2439999999997;6.48399999999947
241;10.5170000000007;8.13699999999972;46.4589999999998;12.8959999999997
302;11.4370000000008;9.8159999999998;56.3159999999998;18.665
155;7.22599999999966;7.4399999999996;27.5689999999995;8.98099999999977
107;7.15000000000055;5.7489999999998;19.9430000000002;6.24000000000069
946;24.3199999999997;15.9130000000005;177.288;53.0030000000006
130;7.36099999999988;6.53499999999985;25.0699999999997;7.55799999999999
479;14.4830000000002;11.2480000000005;91.7780000000002;27.5190000000002
198;9.10999999999967;7.32200000000012;37.8299999999999;11.0870000000004
391;13.9610000000002;10.4189999999999;72.2979999999998;23.1379999999999
939;25.4409999999998;16.5820000000003;177.72;52.277
795;21.7200000000003;14.3969999999999;149.97;45.2849999999999
859;25.0369999999994;17.1790000000001;161.795999999999;48.7569999999996
879;23.8650000000007;16.5640000000003;165.022999999999;50.6900000000005
974;23.3760000000002;17.0619999999999;183.575;56.3850000000002
707;20.6390000000001;14.9030000000002;135.787;41.5320000000002
676;19.8389999999999;14.5309999999999;132.856000000001;38.8789999999999
605;17.2979999999998;12.125;112.119;35.0529999999999
502;15.3189999999995;10.8100000000004;95.9899999999998;27.6009999999997
317;12.2739999999994;10.1800000000003;59.1419999999998;16.973
967;25.393;15.7740000000003;180.599;56.5039999999999
404;14.9279999999999;11.9450000000015;76.2849999999999;23.1200000000008
337;13.2439999999988;9.02399999999943;63.4219999999987;20.0010000000002
988;25.6949999999997;16.9439999999995;152.717000000001;52.5529999999999
572;12.353000000001;8.44700000000012;88.134;24.866
93;4.59599999999955;3.73599999999897;13.4959999999992;4.52500000000146
48;3.52499999999964;3.08500000000095;7.2489999999998;2.19300000000112
133;5.11099999999897;4.87900000000081;19.612000000001;6.20099999999911
831;16.3520000000008;11.9570000000003;126.713;40.5299999999988
429;9.87699999999859;7.4989999999998;67.2100000000009;19.9110000000001
907;16.0570000000007;10.7479999999996;141.427;42.8390000000018
722;15.6080000000002;11.1470000000008;108.725;33.375
934;19.2160000000003;11.6740000000009;146.411999999998;44.393
765;15.9330000000009;9.5510000000013;121.074000000001;36.7780000000002
380;10.2019999999993;7.46100000000115;57.3979999999992;17.8909999999996
105;4.95799999999872;4.23600000000079;16.255000000001;4.77399999999943
108;5.08899999999994;4.53399999999965;15.8029999999999;5.20600000000013
112;4.98800000000119;4.34799999999996;18.0599999999995;5.02300000000105
116;6.71500000000015;7.41599999999926;21.5970000000016;6.55699999999888
752;20.7669999999998;15.1190000000006;140.322;41.0319999999992
627;17.8529999999992;14.2060000000001;116.683000000001;35.5339999999997
80;6.24300000000039;5.22700000000077;13.7360000000008;4.01800000000003
682;19.3119999999999;13.8529999999992;131.647999999999;39.2090000000007
954;25.3600000000006;16.9229999999989;181.173999999999;54.7360000000008
61;5.59599999999955;4.77099999999882;11.4869999999992;3.98699999999917
802;22.2209999999995;14.0990000000002;152.321;44.8010000000013
861;23.5920000000006;15.0570000000007;162.014000000001;48.2360000000008
941;22.009;14.4209999999985;185.742;52.9840000000004
71;5.68099999999868;8.36399999999958;13.6639999999989;4.60900000000038
582;17.4400000000005;12.6479999999992;112.117999999999;35.2909999999993
595;18.6750000000011;15.6049999999996;103.928;34.737000000001
673;14.0410000000011;9.28800000000047;104.893;30.6029999999992
156;5.89300000000003;5.21000000000095;22.9410000000007;7.91899999999987
279;8.18199999999888;6.47299999999996;42.973;13.6810000000005
802;15.7119999999995;10.6640000000007;117.6;36.5069999999996
868;17.3600000000006;11.9199999999983;137.609;41.9380000000001
606;12.1980000000003;9.52300000000105;90.9150000000009;29.0660000000007
560;13.0469999999987;8.7440000000006;87.6569999999992;24.4449999999997
882;15.5930000000008;10.5610000000015;135.554;38.8320000000003
470;10.9510000000009;7.753999999999;70.4110000000001;23.991
817;16.2700000000004;10.5640000000003;120.732;39.7749999999996
38;3.29800000000068;4.02900000000045;5.84300000000076;2.35699999999997
57;3.59100000000035;2.91599999999926;8.26499999999942;2.35800000000017
885;18.1820000000007;11.2839999999997;126.739000000001;39.9220000000005
765;15.25;10.3150000000005;115.347;33.875
927;17.9009999999998;10.9090000000015;138.385;43.5380000000005
65;3.84299999999894;3.53100000000086;8.96500000000015;2.82899999999972
398;9.66100000000006;7.33300000000054;59.6800000000003;17.985999999999
393;9.27700000000004;7.13799999999901;57.0500000000011;17.0829999999987
189;6.67099999999846;5.63999999999942;27.4269999999997;8.43400000000111
687;13.4959999999992;8.73600000000079;99.9120000000003;32.2729999999992
164;6.11599999999999;5.58100000000013;23.7399999999998;7.45499999999993
930;19.0750000000007;11.7910000000011;142.146999999999;43.1499999999996
973;18.4240000000009;11.6299999999992;145.652;45.848
642;13.6710000000003;10.1059999999998;109.223;30.9210000000003
432;12.2030000000013;10.280999999999;76.8500000000022;22.6749999999993
887;21.974000000002;13.4480000000003;160.023000000001;46.9480000000003
722;21.4439999999995;12;128.471000000001;39.6219999999994
952;24.4639999999999;14.3040000000001;170.997000000003;52.6390000000029
19;3.22300000000178;3.02299999999741;3.21900000000096;1.2609999999986
247;8.82399999999689;7.12700000000041;45.5849999999991;12.8960000000006
669;17.107;11.4589999999989;121.105;36.5970000000016
185;8.00799999999799;6.46199999999953;34.3159999999989;10.0449999999983
966;22.4700000000012;15.2330000000002;176.621999999999;51.7720000000008
642;16.3310000000019;12.0119999999988;115.298999999999;37.2510000000002
309;10.6810000000005;9.93600000000151;55.1179999999986;15.905999999999
991;23.7619999999988;15.5459999999985;179.585999999999;54.5580000000009
850;22.9180000000015;14.0069999999978;154.205000000002;46.8400000000001
376;13.8439999999973;9.61199999999735;69.5229999999974;20.8009999999995
121;6.39900000000125;6.47199999999793;21.364999999998;6.52899999999863
9;2.81100000000151;2.71099999999933;1.52300000000105;0.708999999998923
902;23.25;14.4500000000007;167.375;49.7200000000012
802;19.3709999999992;12.9219999999987;146.865000000002;41.8889999999992
795;19.6009999999987;12.9279999999999;140.753000000001;44.6280000000006
768;19.1850000000013;12.4259999999995;146.959999999999;36.130000000001
680;17.726999999999;12.0060000000012;130.326000000001;36.6490000000013
648;17.8009999999995;12.1589999999997;122.25;35.6240000000034
811;19.7279999999992;14.0580000000009;151.092999999997;47.6460000000006
364;11.887999999999;11.1869999999981;66.6610000000001;18.6460000000006
700;18.125;12.900999999998;128.146000000001;38.4279999999999
608;15.8159999999989;11.2330000000002;113.386000000002;32.4559999999983
681;17.0119999999988;11.1270000000004;129.120000000003;35.6440000000002
643;17.3869999999988;11.7139999999999;119.888999999999;36.135000000002
653;18.5780000000013;13.5200000000004;121.424999999999;34.5190000000002
774;20.137999999999;13.6340000000018;147.754000000001;41.7619999999988
694;19.7740000000013;11.9500000000007;127.529999999999;36.4399999999987
460;13.8400000000001;9.86700000000201;83.1620000000003;24.869999999999
461;13.1330000000016;9.95899999999892;87.0360000000001;24.4230000000025
956;25.3869999999988;16.518;180.146000000001;53.6620000000003
963;23.4710000000014;13.6260000000002;179.465;50.7210000000014
751;17.7079999999987;12.6630000000005;136.934000000001;39.3179999999993
251;9.19800000000032;7.90700000000288;45.8499999999985;13.8889999999992
526;15.8250000000007;10.8050000000003;98.5190000000002;28.5169999999998
589;16.6890000000021;11.5980000000018;109.833999999999;33.5680000000029
546;15.4359999999979;9.28999999999724;101.186999999998;30.6130000000012
551;15.893;10.6549999999988;100.503999999997;29.9939999999988
448;13.4979999999996;10.5839999999989;84.2599999999984;24.5610000000015
154;7.36999999999898;5.54899999999907;27.4850000000006;7.79500000000189
610;17.2609999999986;12.3610000000008;114.486000000001;33.0689999999995
262;9.2039999999979;8.34499999999753;49.1949999999997;14.6390000000029
702;17.9850000000006;11.7880000000005;134.417999999998;38.5979999999981
445;15.2040000000015;14.005000000001;89.0780000000013;24.9809999999998
805;19.3830000000016;14.4689999999973;148.221999999998;44.768
520;14.5690000000031;9.71299999999974;96.3250000000007;29.3159999999989
370;12.0600000000013;10.2289999999994;66.1909999999989;19.7900000000009
631;16.7830000000031;12.0989999999983;117.181;33.1349999999984
669;18.0349999999999;12.7950000000019;124.847999999998;35.4049999999988
698;16.8979999999974;11.2779999999984;128.195;36.2910000000011
121;6.74500000000262;5.67500000000291;22.0809999999983;6.77000000000044
648;16.2890000000007;13.2340000000004;122.008999999998;34.023000000001
506;13.8680000000022;11.5139999999992;94.1319999999978;27.7609999999986
72;4.96700000000055;4.44200000000274;12.607;3.7039999999979
30;3.50299999999697;3.90099999999802;5.3859999999986;1.7489999999998
419;12.7589999999982;8.4429999999993;77.7950000000019;23.0149999999994
526;16.4629999999997;10.3029999999999;96.7299999999996;28.2019999999975
54;4.53000000000247;4.05400000000009;9.1919999999991;2.91299999999683
319;10.6009999999987;8.05500000000029;58.6980000000003;16.8859999999986
899;21.5099999999984;14.2459999999992;165.815000000002;47.135000000002
669;16.9629999999997;11.9890000000014;102.773000000001;29.3650000000016
889;18.2139999999999;12.1929999999993;134.990000000002;40.6959999999999
340;8.63099999999758;6.64500000000044;52.2249999999985;14.2510000000002
521;10.862000000001;6.90099999999802;78.7899999999972;22.4540000000015
528;11.6169999999984;8.46199999999953;81.6720000000023;24.3139999999985
182;6.93900000000212;5.88100000000122;28.6729999999989;8.71900000000096
870;16.8690000000024;11.3159999999989;134.121999999999;38.9409999999989
479;10.8940000000002;7.32800000000134;75.3299999999981;20.8780000000006
531;12.2419999999984;8.50799999999799;82.6130000000012;26.2139999999999
405;9.95599999999831;7.3660000000018;61.3389999999999;18.2599999999984
880;17.0120000000024;10.9529999999977;135.039999999997;39.8149999999987
175;7.00600000000122;5.93899999999849;26.2620000000024;9.04900000000271
554;12.0529999999999;9.34499999999753;85.1039999999994;27.4399999999987
882;16.7099999999991;11.8080000000009;136.907999999999;40.9249999999993
737;14.8389999999999;10.3429999999971;110.321;35.9230000000025
993;21.3349999999991;11.8580000000002;152.923999999999;48.2109999999993
765;16.0610000000015;9.5769999999975;115.486000000001;33.4459999999999
833;15.8919999999998;11.2860000000001;131.081000000002;40.7969999999987
967;18.2010000000009;10.7389999999978;148.616999999998;43.9889999999978
953;18.362000000001;11.8909999999996;147.127;43.9789999999994
9;1.91199999999662;2.01000000000204;1.18699999999808;0.574000000000524
92;4.61800000000221;3.6830000000009;13.7289999999994;4.24399999999878
807;16.4490000000005;11.0859999999993;122.384000000002;39.132999999998
226;6.69800000000032;5.82099999999991;32.2360000000008;9.5010000000002
838;15.5329999999994;11.9210000000021;129.026000000002;37.2389999999978
2;1.26699999999983;1.39900000000125;0.350000000002183;0.187999999998283
20;2.65799999999945;2.34999999999854;3.00499999999738;0.870000000002619
616;13.3250000000007;9.96299999999974;93.1670000000013;30.6889999999985
209;6.95000000000073;5.80999999999767;32.9500000000007;10.3859999999986
515;11.0519999999997;8.41700000000128;77.5869999999995;22.7510000000002
789;17.3300000000017;10.5669999999991;122.049000000003;37.3139999999985
89;4.92499999999927;3.53200000000288;13.3449999999975;4.50300000000061
79;4.11800000000221;3.88099999999758;11.7230000000018;4.48799999999756
586;12.974000000002;9.36999999999898;89.6959999999999;26.4830000000002
802;17.9399999999987;11.7900000000009;126.617999999999;35.6970000000001
121;5.41100000000006;4.62299999999959;17.5780000000013;5.41300000000047
406;9.89600000000064;7.46700000000055;64.1820000000007;18.9250000000029
664;13.3090000000011;8.66799999999785;103.004999999997;32.1170000000056
354;9.75199999999313;7.64700000000448;53.3469999999943;15.6929999999993
605;15.1689999999944;9.10399999999936;91.8159999999989;27.2580000000016
448;10.375;7.65699999999924;69.6440000000002;19.7810000000027
112;4.6820000000007;4.31199999999808;15.7439999999988;4.77500000000146
531;11.0060000000012;7.40199999999459;78.6840000000011;25.2699999999968
142;6.09500000000116;4.72699999999895;21.1770000000033;6.48700000000099
118;4.79999999999563;4.06899999999587;19.6109999999971;6.11800000000221
844;17.9390000000058;11.8249999999971;133.973000000005;38.635000000002
233;6.89500000000407;6.5989999999947;35.1100000000006;10.1180000000022
771;14.4959999999992;11.8280000000013;116.940000000002;33.8389999999999
889;16.9559999999983;12.5070000000051;131.885999999999;40.7830000000031
767;14.7030000000013;10.4629999999961;117.292000000001;35.5679999999993
227;6.63999999999942;4.84500000000116;34.5699999999997;9.58800000000338
424;9.79299999999785;6.88799999999901;64.3150000000023;19.3839999999982
372;8.95400000000518;7.10599999999977;55.6970000000001;15.487000000001
464;11.6610000000001;7.62099999999919;70.2700000000041;20.2309999999998
379;8.56699999999546;6.59000000000378;56.2710000000006;16.3189999999959
357;9.05599999999686;6.76900000000023;54.2280000000028;15.2039999999979
74;4.03399999999965;3.60099999999511;10.7390000000014;3.43899999999849
370;10.2309999999998;6.75400000000081;55.5119999999952;15.8709999999992
590;12.7790000000023;8.21499999999651;89.747000000003;27.5789999999979
43;3.03399999999965;3.05099999999948;6.60200000000623;2.10099999999511
498;10.75;7.67099999999482;77.2909999999974;21.5659999999989
744;18.1940000000031;10.7289999999994;110.129000000001;32.4659999999931
654;13.3430000000008;9.16799999999785;105.982000000004;29.0770000000048
825;15.3389999999999;10.2520000000004;126.098000000005;36.041999999994
556;12.3450000000012;8.21300000000338;85.6030000000028;26.1160000000018
168;6.37899999999354;5.10800000000017;26.211000000003;8.0370000000039
795;14.9309999999969;10.5529999999999;122.417000000001;38.2200000000012
377;9.26399999999558;6.67599999999948;56.0610000000015;18.6820000000007
626;12.6560000000027;9.63700000000244;94.135000000002;27.4479999999967
701;14.0970000000016;10.0400000000009;109.923999999999;31.0529999999999
405;10.7319999999963;7.20799999999872;63.0140000000029;18.273000000001
833;14.7640000000029;11.7429999999949;128.778999999995;40.1990000000005
953;18.8869999999952;11.7490000000034;147.591;42.6699999999983
497;11.2380000000048;8.10300000000279;72.7380000000048;22.6059999999998
552;11.8819999999978;8.89800000000105;86.4309999999969;24.8719999999958
679;14.7130000000034;9.33299999999872;102.517000000007;31.9389999999985
785;15.403999999995;11.1070000000036;122.258999999998;36.8540000000066
734;15.8589999999967;10.6459999999934;113.928;33.362000000001
134;5.78600000000006;4.92799999999988;19.7039999999979;6.69799999999668
786;15.5550000000003;9.90400000000227;120.717000000004;35.885000000002
365;9.27000000000407;6.86699999999837;57.5579999999973;18.0550000000003
554;13.9800000000032;10.4080000000031;85.3340000000026;26.2339999999967
770;16.1239999999962;10.7920000000013;120.487000000001;36.4119999999966
176;6.86299999999756;4.55799999999726;26.4400000000023;8.20099999999366
131;5.65799999999581;4.34999999999854;22.0350000000035;6.19399999999587
761;14.7249999999985;10.2690000000002;118.524999999994;34.3629999999976
771;15.9680000000008;11.1690000000017;126.358999999997;40.140999999996
332;9.1140000000014;5.86499999999796;50.9290000000037;15.2119999999995
512;12.4370000000054;7.57400000000052;79.3829999999944;23.9800000000032
809;16.5120000000024;10.5910000000003;121.968000000001;34.8610000000044
240;7.29200000000128;6.2589999999982;38.096000000005;12.135000000002
781;15.2119999999995;9.84000000000378;118.906999999999;33.7449999999953
847;17.148000000001;10.7520000000004;140.924999999996;39.3570000000036
981;17.7799999999988;12.4399999999951;153.561999999998;45.3430000000008
789;15.8380000000034;12.8020000000033;126.724000000002;36.6520000000019
818;16.1339999999982;10.6820000000007;130.028999999995;37.1089999999967
554;11.7989999999991;8.60499999999593;86.1849999999977;25.086000000003
317;9.27199999999721;6.76599999999598;50.8570000000036;16.0269999999946
409;9.58200000000215;7.875;63.9089999999997;19.1580000000031
715;14.8989999999976;10.1519999999946;106.741000000002;33.0489999999991
467;10.7520000000004;7.84999999999854;73.1779999999999;22.2790000000023
387;9.09399999999732;7.25200000000041;58.2510000000038;17.4120000000039
400;10.3949999999968;8.35199999999895;63.5970000000016;19.6600000000035
459;10.8600000000006;7.39400000000023;72.1779999999999;21.1169999999984
558;12.916999999994;9.1929999999993;88.1000000000058;26.1779999999999
579;12.5750000000044;8.52899999999499;87.4250000000029;25.6209999999992
893;16.3559999999998;11.5250000000015;139.468000000001;40.1540000000023
867;19.038999999997;11.3800000000047;137.424000000006;40.3650000000052
542;12.5590000000011;8.28600000000006;85.5350000000035;25.3389999999999
557;12.2079999999987;8.70200000000477;90.4800000000032;26.2869999999966
862;17.1500000000015;11.7050000000017;136.116999999998;39.0859999999957
672;15.5550000000003;9.35599999999977;102.197;34.3689999999988
738;15.6829999999973;10.4919999999984;120.238000000005;33.6280000000042
776;15.9360000000015;11.0810000000056;126.704999999994;36.3220000000001
757;15.7700000000041;9.18299999999726;119.392;37.3459999999977
429;11.0090000000055;7.2760000000053;67.2350000000006;20.3609999999971
293;7.98099999999977;5.57400000000052;44.7699999999968;13.4380000000019
236;7.21399999999994;5.44099999999889;37.9739999999947;10.9100000000035
845;16.8679999999949;10.9150000000009;135.119000000006;37.510000000002
278;7.87099999999919;5.66900000000169;44.5360000000001;13.291999999994
93;4.58599999999569;3.87100000000646;15.0670000000027;4.19400000000314
666;13.625;10.6759999999995;104.627;29.4349999999977
268;8.37800000000425;6.39100000000326;43.1579999999958;13.0239999999976
882;17.2379999999976;11.5590000000011;141.947;39.8839999999982
866;17.8639999999941;12.2030000000013;137.998;41.9200000000055
382;9.38199999999779;7.85199999999895;58.5270000000019;17.6689999999944
837;15.5590000000011;11.1450000000041;137.179000000004;38.3369999999995
115;5.20600000000559;4.18499999999767;17.1620000000039;5.16399999999703
871;16.726999999999;13.0889999999999;136.699999999997;44.4890000000014
452;11.0210000000006;7.18400000000111;72.7010000000009;23.3539999999994
607;13.2200000000012;8.41700000000128;95.4309999999969;28.1830000000045
205;7.3949999999968;5.37000000000262;34.9080000000031;10.0270000000019
740;14.6909999999989;10.4080000000031;115.632999999994;35.1919999999955
61;3.57600000000093;2.98800000000483;9.13200000000506;2.98300000000017
539;11.489999999998;8.43799999999464;83.4170000000013;24.4929999999949
292;7.57800000000134;6.14800000000105;45.7149999999965;12.4919999999984
959;18.0630000000019;10.974000000002;157.258000000002;46.5160000000033
560;11.6399999999994;8.08200000000215;91.9490000000005;24.6659999999974
83;4.38799999999901;3.67899999999645;12.7690000000002;3.59500000000116
554;11.5409999999974;8.16300000000047;87.7330000000002;26.481000000007
736;14.4409999999989;10.4550000000017;115.131000000001;35.0930000000008
969;17.5950000000012;12.4159999999974;160.049000000006;43.6549999999988
450;10.9499999999971;7.37799999999697;74.0160000000033;21.2350000000006
129;5.52599999999802;4.33399999999529;21.3029999999999;6.59399999999732
819;15.7879999999932;10.1289999999935;132.435999999994;38.7550000000047
929;16.5600000000049;11.7279999999955;149.040000000001;44.0310000000027
461;10.7710000000006;7.58299999999872;74.0339999999997;21.0699999999997
233;6.94499999999971;5.24899999999616;38.2560000000012;10.0709999999963
444;10.416999999994;7.46099999999569;72.2580000000016;21.101999999999
325;9.11300000000483;7.16999999999825;52.6580000000031;16.8340000000026
94;4.50800000000163;4.39500000000407;15.114999999998;4.55299999999988
256;8.25500000000466;5.55800000000454;41.3729999999996;12.601999999999
189;6.35399999999936;5.4719999999943;29.3290000000052;8.07500000000437
62;3.72300000000541;3.25200000000041;9.49399999999878;2.89999999999418
573;11.5590000000011;9.1339999999982;89.7960000000021;25.1959999999963
29;2.5570000000007;2.65399999999499;4.17299999999523;1.23300000000017
13;2.17699999999604;1.94499999999971;2.05600000000413;0.862999999997555
882;16.8949999999968;11.1790000000037;141.189999999995;44.2289999999994
145;5.81300000000192;4.42799999999988;22.9919999999984;6.8070000000007
454;11.3319999999949;7.58999999999651;73.3589999999967;21.4809999999998
552;12.7099999999991;8.82600000000093;91.8700000000026;25.3650000000052
919;17.4029999999984;12.5520000000033;154.120999999999;47.9150000000009
481;11.3170000000027;7.95400000000518;76.1469999999972;21.4389999999985
779;17.2580000000016;10.3669999999984;125.637000000002;35.3369999999995
675;13.9040000000023;9.41899999999441;105.764000000003;30.8860000000059
896;17.1879999999946;11.5290000000023;141.994999999995;42.8119999999981
359;9.32299999999668;6.74699999999575;56.3000000000029;16.7379999999976
293;8.06399999999849;7.15000000000146;46.2920000000013;14.2300000000032
889;17.5179999999964;12.1500000000015;142.646000000001;42.9910000000018
186;6.43099999999686;4.55399999999645;29.9599999999991;8.41000000000349
568;12.0469999999987;8.49899999999616;88.6709999999948;25.5580000000045
451;10.3199999999997;7.14600000000064;72.1490000000049;20.775999999998
795;15.6940000000031;11.0560000000041;128.053;36.8770000000004
728;14.0659999999989;10.6100000000006;116.065999999999;32.4570000000022
351;8.52500000000146;6.6160000000018;57.8760000000038;15.739999999998
339;8.6449999999968;6.79000000000087;53.2189999999973;15.762999999999
670;13.650999999998;9.02700000000186;104.656999999999;31.3610000000044
41;3.33899999999994;3.10700000000361;6.53199999999924;2.30399999999645
813;15.5069999999978;11.9329999999973;130.199000000001;38.8479999999981
812;15.7279999999955;10.7419999999984;125.317999999999;38.4270000000033
303;8.11000000000058;6.74899999999616;46.2680000000037;14.1199999999953
710;14.7320000000036;9.38300000000163;115.477999999996;34.3369999999995
252;7.04000000000087;5.81900000000314;36.8009999999995;12.1390000000029
613;12.8919999999998;8.88999999999942;102.564000000006;32.0149999999994
457;10.3319999999949;8.40800000000309;69.9830000000002;20.5579999999973
105;4.69900000000052;3.80799999999726;16.0820000000022;4.58299999999872
992;19.2989999999991;11.9589999999953;162.445;45.8400000000038
904;18.4289999999964;11.5299999999988;140.942000000003;41.3520000000062
297;7.67099999999482;6.55799999999726;46.140999999996;14.8260000000009
705;13.4990000000034;9.51699999999983;107.879999999997;31.1370000000024
881;16.8319999999949;12.3029999999999;138.031999999999;43.1640000000043
713;14.8029999999999;10.7180000000008;113.548000000003;34.0780000000013
923;18.2860000000001;11.890999999996;145.331999999995;42.3000000000029
75;4.44499999999971;3.53199999999924;11.265999999996;3.26699999999983
567;12.9930000000022;8.29000000000087;85.1909999999989;26.3419999999969
340;8.79299999999785;6.96600000000035;51.625;15.1859999999942
429;10.7279999999955;7.37699999999313;65.8090000000011;19.4460000000036
1000;18.7299999999959;12.9309999999969;156.582000000002;44.3130000000019
150;5.71899999999732;4.77599999999802;21.1630000000005;6.4890000000014
813;16.4069999999992;11.5370000000039;128.244999999995;35.9320000000007
199;6.65399999999499;5.1449999999968;31.7980000000025;10.2590000000055
501;10.5180000000037;8.12000000000262;78.1240000000034;23.2229999999981
430;10.7439999999988;6.80999999999767;65.8689999999988;20.5509999999995
109;4.79200000000128;3.77900000000227;17.4440000000031;5.48700000000099
537;11.6679999999978;8.13200000000506;84.586000000003;25.3949999999968
782;14.5929999999935;9.67199999999866;123.322;36.3369999999995
379;10.073000000004;7.39199999999983;61.291999999994;16.8430000000008
802;16.7099999999991;10.4510000000009;128.433000000005;38.7309999999998
271;8.10399999999936;6.29799999999523;41.9500000000044;12.2030000000013
527;13.0939999999973;8.66399999999703;82.5600000000049;25.7000000000044
339;8.87399999999616;6.59399999999732;51.4049999999988;16.5140000000029
523;11.8830000000016;7.86100000000442;79.5160000000033;22.948000000004
465;10.2649999999994;7.81899999999587;71.2560000000012;22.2699999999968
450;10.8070000000007;7.63500000000204;72.7059999999983;20.3430000000008
63;3.79400000000169;3.6559999999954;9.3949999999968;2.96300000000338
748;14.8300000000017;9.93699999999808;117.290000000001;36.8059999999969
218;7.45300000000134;5.48500000000058;36.2089999999953;8.93299999999726
405;10.7460000000065;8.18400000000111;61.6970000000001;20.375
685;13.4460000000036;9.74799999999959;106.095999999998;33.5749999999971
40;3.0769999999975;2.93099999999686;6.0679999999993;1.7609999999986
796;16.0639999999985;11.038999999997;123.205000000002;35.9049999999988
593;13.0709999999963;9.09000000000378;91.5409999999974;27.7259999999951
856;16.3079999999973;10.5010000000038;133.048000000003;38.3469999999943
157;5.4429999999993;4.51900000000023;22.2520000000004;6.71699999999691
434;11.0040000000008;7.72400000000198;65.9200000000055;20.4259999999995
436;10.7160000000003;7.6140000000014;68.0500000000029;20.862000000001
846;17.2790000000023;11.6399999999994;129.758000000002;39.7779999999984
219;6.55800000000454;5.26299999999901;34.0400000000009;10.5769999999975
494;10.8629999999976;7.50499999999738;82.5010000000038;22.7429999999949
287;7.33600000000297;5.40600000000268;46.515999999996;13.2550000000047
962;17.041999999994;12.0720000000001;150.738999999994;44.3320000000022
234;7.07999999999447;6.27700000000186;38.9830000000002;12.0690000000031
232;7.46899999999732;5.27900000000227;37.5529999999999;10.5370000000039
741;15.3260000000009;9.33599999999569;116.460999999996;32.5460000000021
70;4.39100000000326;3.52999999999884;11.1610000000001;3.45699999999488
57;3.46199999999953;3.22099999999773;8.66300000000047;3.17700000000332
259;7.65200000000186;5.90500000000611;40.015999999996;13.801999999996
212;6.76499999999942;5.22800000000279;33.3040000000037;11.2009999999937
342;8.7410000000018;7.13699999999517;53.525999999998;15.9110000000001
513;11.2149999999965;8.37800000000425;81.0829999999987;25.9069999999992
620;13.663999999997;8.875;96.6729999999952;31.1749999999956
843;18.6440000000002;10.6749999999956;134.929000000004;39.8329999999987
542;11.8249999999971;8.0480000000025;85.9300000000003;27.9989999999962
163;5.76000000000204;4.43399999999383;25.3660000000018;7.5089999999982
521;11.5439999999944;8.39299999999639;79.7969999999987;23.8320000000022
20;2.58299999999872;2.51200000000244;3.22200000000157;1.16800000000512
151;5.81999999999971;4.66100000000006;23.0520000000033;7.16500000000087
96;4.46300000000338;3.99000000000524;14.0679999999993;4.64400000000023
744;14.2850000000035;9.04400000000169;117.385999999999;33.0959999999977
301;8.34900000000198;6.08999999999651;45.916999999994;14.1789999999964
654;13.0200000000041;8.45000000000437;101.959000000003;30.862000000001
603;15.2799999999988;8.72299999999814;95.7880000000005;30.8539999999994
714;13.5630000000019;8.7609999999986;107.887999999999;33.2669999999998
590;11.8759999999966;8.42599999999948;93.5339999999997;26.2109999999957
852;16.6460000000006;10.8810000000012;130.735000000001;38.0659999999989
9;1.78800000000047;1.77700000000186;1.89100000000326;0.625999999996566
333;8.34300000000076;7.13799999999901;54.1929999999993;16.4389999999985
525;11.288999999997;8.28199999999924;80.6889999999985;24.3770000000004
439;10.1100000000006;7.4120000000039;69.8669999999984;19.3329999999987
847;17.211000000003;11.0420000000013;131.970999999998;38.5919999999969
266;7.22000000000116;6.166999999994;41.0150000000067;11.8269999999975
818;15.7799999999988;11.2800000000061;126.768000000004;39.7949999999983
487;10.7879999999932;7.37900000000081;74.7430000000022;23.4370000000054
343;9.3179999999993;6.48999999999796;53.7590000000055;17.1530000000057
643;13.9590000000026;9.55900000000111;102.815000000002;28.3569999999963
203;6.37099999999919;5.01799999999639;32.9599999999991;9.18500000000495
628;12.7750000000015;8.64400000000023;104.167999999998;30.135000000002
372;8.92699999999604;6.125;61.7059999999983;17.4239999999991
410;10.0959999999977;7.18199999999342;63.6900000000023;18.3450000000012
564;11.9340000000011;8.67199999999866;89.0370000000039;26.5540000000037
345;9.20200000000477;6.98599999999715;54.0539999999964;15.836000000003
603;12.6580000000031;8.73399999999674;95.3130000000019;27.8870000000024
943;17.8300000000017;12.6100000000006;148.564999999995;47.4340000000011
99;5.15600000000268;4.43300000000454;15.4310000000114;4.80299999999988
49;3.46399999999267;3.69799999998941;7.66099999999278;3.03399999999965
728;13.6970000000001;9.33400000000256;115.174999999988;34.5420000000013
123;4.88200000001234;4.2960000000021;19.0089999999909;5.53499999998894
56;3.91199999999662;3.76499999999942;8.08000000000175;2.53599999999278
923;17.3359999999957;10.4360000000015;146.231;40.976999999999
476;10.7290000000066;8.14500000000407;76.4239999999991;21.4529999999941
504;11.8559999999998;8.15399999999499;82.6349999999948;22.8220000000001
181;6.24599999999919;5.11000000000058;27.3199999999924;9.25500000000466
522;12.1809999999969;7.91500000000815;81.4869999999937;22.6759999999922
880;17.0179999999964;11.0810000000056;139.349999999991;41.2890000000043
921;17.4060000000027;11.6089999999967;148.51999999999;42.3559999999998
968;17.3160000000062;11.3879999999917;155.372000000003;45.7200000000012
930;17.0899999999965;12.7880000000005;148.387000000002;44.9520000000048
563;12.6860000000015;7.86699999999837;88.3389999999927;25.1560000000027
801;15.929999999993;11.0639999999985;128.316999999995;36.6860000000015
374;9.03900000000431;6.93899999999849;59.6689999999944;17.6359999999986
162;5.68300000000454;4.75500000000466;24.6420000000071;8.08299999999872
395;9.96600000000035;6.99499999999534;62.3190000000031;17.9850000000006
552;11.875;8.02400000000489;86.0589999999938;25.6879999999946
254;7.80999999999767;5.63700000000244;40.2280000000028;12.6670000000013
870;17.6369999999879;11.794000000009;139.51400000001;42.4409999999916
844;15.8549999999959;10.9290000000037;132.909999999989;40.6570000000065
36;3.0460000000021;2.40699999999197;5.02000000000407;1.81600000000617
947;17.5769999999902;12.1729999999952;151.377999999997;46.2680000000109
491;10.5540000000037;8.09900000000198;78.4429999999993;23.4089999999997
933;17.3289999999979;12.6970000000001;147.016000000003;43.5489999999991
203;6.16199999999662;5.15600000000268;34.0280000000057;10.2540000000008
946;17.0200000000041;11.2810000000027;154.151999999987;44.6440000000002
631;12.9089999999997;8.37300000000687;100.464000000007;29.1820000000007
639;13.5690000000031;8.35899999999674;102.262000000002;30.0320000000065
928;18.06700000001;12.3950000000041;148.195999999996;46.6790000000037
385;9.76600000000326;6.9829999999929;60.9579999999987;18.8450000000012
807;15.4419999999955;11.0580000000045;131.991999999998;37.9419999999955
803;16.291000000012;11.708999999988;126.672000000006;37.7219999999943
61;4.15099999999802;3.15499999999884;9.89999999999418;3.06500000000233
230;7.43399999999383;5.4719999999943;34.8699999999953;11.6370000000024
885;16.7419999999984;10.5200000000041;142.561000000002;42.5339999999997
613;13.1640000000043;10.0120000000024;99.9079999999958;31.6599999999889
722;14.8530000000028;9.43600000000151;121.303;33.9800000000105
140;5.22000000000116;4.41700000000128;22.1260000000038;6.59600000000501
332;9.81599999999162;6.22499999999127;51.4929999999877;15.3059999999969
735;15.843000000008;11.4520000000048;121.373999999996;38.0130000000063
62;3.64099999998871;3.49900000001071;9.91000000000349;3.41799999999057
144;5.25900000000547;4.55600000001141;22.7019999999902;6.65499999999884
55;3.66100000000733;3.06599999999162;8.84799999999814;2.73700000000827
317;8.55100000000675;6.625;51.5580000000045;15.6550000000134
627;12.7599999999948;9.18300000000454;103.165999999997;29.7810000000027
220;6.62200000000303;5.69500000000698;33.7469999999885;9.85899999999674
880;16.3260000000009;11.0710000000108;147.494999999995;40.8110000000015
724;15.1429999999964;9.82300000000396;118.327000000005;34.1390000000101
954;17.5;11.9930000000022;153.766000000003;44.2479999999923
725;14.0439999999944;10.6960000000108;118.217000000004;34.4220000000059
101;4.7670000000071;3.66199999999662;15.9459999999963;4.97699999999895
810;16.1380000000063;10.2010000000009;131.210000000006;39.2519999999931
616;12.4370000000054;8.875;100.740999999995;29.1649999999936
165;5.85500000001048;4.72599999999511;26.1280000000115;8.06399999999849
389;9.9429999999993;7.2609999999986;64.1750000000029;18.4759999999951
16;2.22900000000664;2.22699999999895;2.64299999999639;1.09500000000116
429;10.0420000000013;7.76699999999255;69.8539999999921;21.2559999999939
221;7.66700000000128;5.79699999999139;35.5669999999955;11.3039999999892
362;9.18600000000151;6.97699999999895;59.278999999995;17.4850000000006
125;4.80599999999686;3.94700000000012;20.8240000000078;6.17500000000291
235;7.1929999999993;5.42200000000594;36.5799999999872;10.5660000000062
564;12.0939999999973;7.96099999999569;92.7770000000019;27.002999999997
537;11.3889999999956;8.10700000000361;86.4230000000098;24.7250000000058
734;14.0649999999878;10.2350000000006;121.739000000001;35.5460000000021
154;5.87099999999919;4.36199999999371;23.1830000000045;6.52300000000105
226;6.7960000000021;5.40000000000873;36.3450000000012;10.323000000004
364;8.75800000000163;7.87399999999616;58.2249999999913;17.93299999999
666;14.1310000000085;9.1140000000014;106.769;30.6560000000027
390;9.59500000000116;6.49300000000221;64.2939999999944;18.19200000001
679;13.6779999999999;8.68899999999849;114.566000000006;31.6640000000043
689;13.6839999999938;9.09199999998964;113.751000000004;32.426999999996
678;14.2060000000056;9.96699999998964;111.30799999999;31.596000000005
794;16.3029999999999;10.0739999999932;133.091;37.9560000000056
800;15.3680000000022;11.291000000012;131.610000000001;38.6159999999945
277;8.83699999999953;6.92500000000291;46.4639999999927;13.5
6;1.56700000001001;1.3859999999986;1.0509999999922;0.480000000010477
779;14.1730000000098;10.6390000000101;127.285000000003;37.9929999999877
66;3.98399999999674;3.7670000000071;10.3740000000107;3.78200000000652
827;17.6190000000061;10.0050000000047;136.10100000001;45.2290000000066
607;12.877999999997;8.78900000000431;99.0339999999997;30.4789999999921
524;11.3690000000061;7.92699999999604;88.426999999996;28.2960000000021
626;13.4279999999999;9.39999999999418;102.221000000005;30.7969999999914
149;5.56699999999546;4.81299999999464;24.4619999999995;7.72999999999593
58;3.80600000001141;3.69599999999627;8.89699999999721;2.72600000000966
126;5.16999999999825;5.06500000000233;21.0620000000054;6.49099999999453
737;14.6929999999993;9.56599999999162;121.464999999997;36.0190000000002
167;5.60900000001129;4.71100000001024;27.198000000004;7.96499999999651
113;4.91100000000733;3.78399999999965;17.6610000000073;5.25399999998626
537;11.8960000000079;7.98200000000361;88.8450000000012;25.1339999999909
118;5.1649999999936;4.41800000000512;18.1670000000013;5.71600000000035
598;12.9409999999916;9.06600000000617;99.1059999999998;28.4419999999955
866;16.502999999997;11.5720000000001;144.835000000006;40.5139999999956
904;17.7440000000061;12.5339999999997;153.206000000006;41.4189999999944
407;9.77500000000873;6.97999999999593;66.1129999999976;19.573000000004
246;7.88300000000163;6.10000000000582;41.2830000000104;11.5920000000042
599;12.8699999999953;8.78600000000733;101.742999999988;29.4230000000098
500;11.7300000000105;7.54200000000128;83.3439999999973;23.9820000000036
246;6.8640000000014;5.66800000000512;39.9210000000021;11.8559999999998
324;8.20799999999872;6.17300000000978;55.3349999999919;14.8659999999945
691;15.497000000003;9.63900000001013;119.268999999986;36.1680000000051
342;8.66800000000512;6.33899999999267;56.8650000000052;15.8129999999946
618;13.9499999999971;8.875;102.209000000003;31.148000000001
628;13.9349999999977;9.51499999999942;105.065999999992;30.4869999999937
925;17.5179999999964;11.3879999999917;157.557000000001;46.5849999999919
486;11.6490000000049;7.29700000000594;80.3840000000055;23.278999999995
8;1.7899999999936;1.65099999999802;1.18099999999686;0.546000000002095
778;16.0849999999919;11.0800000000017;134.12000000001;37.0799999999872
717;13.9389999999985;10.156999999992;118.842000000004;34.7479999999923
390;10.2219999999943;7.60599999999977;68.7019999999902;17.6760000000068
857;16.0840000000026;10.8880000000063;144.044000000009;40.4579999999987
140;5.72500000000582;5.23599999998987;23.3870000000024;7.33199999999488
491;11.122000000003;8.33000000000175;79.2339999999967;22.0149999999994
634;13.5920000000042;8.37900000000081;103.447;30.0080000000016
814;16.5200000000041;10.9520000000048;136.973999999987;39.8069999999861
52;3.40499999999884;3.1820000000007;7.85899999999674;2.36200000000827
937;17.68299999999;12.8250000000116;155.544999999998;54.1460000000079
894;17.2479999999923;10.9440000000031;152.145999999993;44.1949999999924
447;10.5310000000027;7.89299999999639;77.7569999999978;22.9700000000012
991;16.9959999999992;12.1959999999963;189.095000000001;54.0139999999956
665;14.7440000000061;10.3910000000033;133.391000000003;39.5820000000094
510;13.1450000000041;9.23799999999756;98.2459999999992;30.650999999998
737;14.4429999999993;11.1849999999977;124.347000000009;35.7409999999945
434;10.0079999999871;7.74699999998847;73.8919999999925;21.6329999999871
3;1.26900000000023;1.25999999999476;0.440999999991618;0.297000000005937
438;9.99599999999919;6.44200000001001;74.4660000000003;20.0659999999916
290;7.98599999998987;6.77899999999499;48.0270000000019;14.8099999999977
424;9.60400000000664;7.38800000000629;73.9030000000057;20.6579999999958
870;16.2090000000026;11.0570000000007;152.933999999994;42.653999999995
129;5.28800000000047;3.9259999999922;21.9500000000116;6.92999999999302
192;6.07099999999627;5.61200000000827;32.3350000000064;8.60800000000745
712;13.9579999999987;9.45800000001327;119.120999999999;33.7140000000072
347;8.2780000000057;7.26300000000629;57.5639999999985;17.9660000000003
123;5.1820000000007;4.03199999999197;21.3389999999927;6.33499999999185
813;15.2820000000065;10.7749999999942;136.175999999992;40.3760000000038
730;14.2989999999991;9.97499999999127;122.982999999993;35.4429999999993
35;2.90699999999197;3.08699999999953;6.32600000000093;2.05500000000757
952;17.1929999999993;11.1900000000023;165.327999999994;45.4180000000051
263;7.49000000000524;6;48.0779999999941;15.6970000000001
132;5.04700000000594;5.57500000001164;22.1209999999992;6.4090000000142
562;11.2559999999939;7.55199999999604;95.8080000000045;26.4829999999929
262;7.3289999999979;5.80800000000454;43.8059999999969;12.1290000000008
308;8.08999999999651;6.82099999999627;50.2060000000056;15.0560000000114
337;8.32300000000396;6.56299999999464;56.0299999999988;16.2599999999948
134;5.58900000000722;4.05999999999767;22.1789999999892;6.26499999999942
674;13.7540000000008;9.50999999999476;113.657999999996;32.226999999999
174;5.70600000000559;4.64500000000407;28.5760000000009;8.29899999999907
857;16.2229999999981;11.398000000001;143.726999999999;42.7709999999934
500;10.7869999999966;8.02300000000105;84.4979999999923;24.6169999999984
269;7.83000000000175;5.35599999999977;44.3629999999976;12.7530000000115
417;9.63299999998708;7.42299999999523;70.7350000000006;19.9950000000099
374;8.85099999999511;7.13800000000629;64.6560000000027;19.5899999999965
5;1.625;1.72100000000501;0.686000000001513;0.313999999998487
168;5.78500000000349;5.08999999999651;26.833999999988;8.46799999999348
327;8.73699999999371;6.28100000000268;54.2979999999952;15.6970000000001
972;18.226999999999;11.6820000000007;170.748999999996;48.5559999999969
446;10.900999999998;7.40899999999965;81.4229999999952;25.6130000000121
212;7.7549999999901;4.99300000000221;33.8830000000016;10.8010000000068
61;4.14199999999255;3.09399999999732;11.6159999999945;3.52300000000105
278;8.47099999999045;5.9539999999979;51.3300000000017;14.6589999999997
210;7.24300000000221;5.5789999999979;36.3729999999923;13.1609999999928
210;7.8859999999986;5.35099999999511;37.0950000000012;12.5639999999985
894;17.877999999997;12.2649999999994;157.964999999997;49.9719999999943
861;18.372000000003;11.5590000000084;163.077999999994;51.9749999999913
684;16.4029999999912;12.0940000000119;130.198000000004;39.9860000000044
602;14.4959999999992;9.69899999999325;110.520000000004;31.9379999999946
672;14.8320000000094;11.273000000001;126.316000000006;37.3659999999945
853;15.7160000000003;11.7700000000041;154.190000000002;46.5950000000012
77;4.51300000000629;4.14599999999336;14.7110000000102;4.00899999999092
461;10.5400000000081;8.58199999999488;79.9070000000065;23.948000000004
234;7.10499999999593;5.87399999999616;41.4900000000052;13.2540000000008
685;16.2739999999903;10.724000000002;119.323999999993;37.9619999999995
138;6.09100000000035;4.75699999999779;27.3280000000086;8.95799999999872
767;18.9189999999944;10.05799999999;142.239000000001;47.0130000000063
679;13.8840000000055;11.1359999999986;122.801000000007;37.3929999999964
490;13.346;9.04899999999998;83.7840000000001;27.422
935;20.1100000000001;13.3099999999999;158.306;48.3330000000001
344;9.9369999999999;7.5300000000002;59.692;18.6419999999998
861;18.7269999999999;13.1040000000003;155.958;46.752
519;14.4590000000003;9.98199999999997;94.0300000000002;27.6400000000003
196;8.28899999999976;5.98599999999988;34.0790000000002;10.4319999999998
932;20.5920000000001;13.4839999999999;172.994;49.4290000000001
853;19.7960000000003;14.2809999999999;152.752;48.2550000000001
663;16.8800000000001;11.8500000000004;118.203;37.6509999999998
639;16.9809999999998;12.4000000000005;114.287;33.9920000000002
914;20.8130000000001;14.1330000000007;164.799;48.2359999999999
951;21.4809999999998;16.6509999999998;170.92;51.5370000000003
374;11.991;10.6880000000001;65.3620000000001;20.5360000000001
554;16.8870000000006;11.991;99.8110000000006;29.8419999999996
284;10.1000000000004;9.2489999999998;49.7509999999993;14.6330000000007
993;23.3670000000002;16.5630000000001;176.938;54.9219999999996
334;12.3920000000007;8.64600000000064;61.5469999999996;18.4219999999996
22;3.73900000000049;4.07200000000012;4.03800000000047;1.28899999999976
574;15.5330000000004;11.3159999999998;104.601;31.1229999999996
266;11.0389999999998;9.79999999999927;46.6030000000001;14.308
721;18.7779999999993;12.8380000000006;137.547;40.8519999999999
852;19.7359999999999;13.0129999999999;159.647;46.3189999999995
679;16.7559999999994;11.9270000000006;117.517;36.2429999999995
252;10.634;7.90299999999934;45.6549999999997;14.0339999999997
200;8.04299999999967;6.36999999999989;37.5479999999998;11.3920000000007
885;20.7250000000004;13.9340000000002;161.865000000001;48.8069999999998
846;19.2300000000005;12.9200000000001;157.108;46.3100000000004
315;9.92600000000039;8.28099999999995;54.1000000000004;16.1350000000002
714;17.2200000000003;11.8729999999996;128.181;39.5870000000004
870;21.3460000000005;14.4849999999997;154.355;46.7350000000006
963;22.9489999999987;16.4219999999987;174.76;52.2620000000006
402;12.8820000000014;10.9099999999999;65.9969999999994;22.6729999999989
217;6.91299999999865;6.42299999999886;34.7070000000003;10.2549999999992
6;1.67599999999948;1.72999999999956;0.894000000000233;0.38799999999901
609;12.9980000000014;10.8430000000008;93.134;28.3069999999989
686;13.7780000000002;9.73199999999997;107.895999999999;30.5049999999992
466;11.1689999999999;7.89300000000003;70.7020000000011;22.1670000000013
598;12.607;8.41200000000026;91.4220000000005;27.3100000000013
80;4.39899999999943;3.90499999999884;12.4179999999997;3.61700000000019
220;7.10300000000097;5.45899999999892;32.2979999999989;10.4790000000012
683;14.2639999999992;9.33799999999974;105.875999999998;33.3019999999997
79;4.66300000000047;3.51499999999942;11.6459999999988;3.83300000000054
194;6.43399999999929;5.80299999999988;30.8670000000002;9.44400000000132
232;7.08899999999994;4.84699999999975;34.7049999999999;10.9000000000015
873;16.9079999999994;10.6920000000009;136.331;41.4220000000005
689;13.9629999999997;9.1820000000007;106.959000000001;32.9400000000005
678;14.2219999999998;9.04999999999927;103.377;34.1360000000004
302;8.53899999999885;6.24300000000039;47.6949999999997;14.5779999999995
937;24.2069999999985;15.7339999999986;170.184999999999;50.9390000000003
852;18.8770000000004;13.7019999999993;153.536;46.2569999999996
496;14.7259999999987;10.4400000000005;88.1110000000008;27.8459999999995
650;16.3009999999995;13.4489999999987;118.344999999999;35.5220000000008
748;17.9269999999997;11.9390000000003;137.732;38.4490000000005
246;9.84299999999894;7.38199999999961;43.8100000000013;13.2039999999997
583;18.0280000000002;11.4459999999999;102.026;30.353000000001
154;7.35900000000038;7.34299999999894;27.9700000000012;7.44100000000071
159;7.17799999999988;6.41100000000006;29.125;7.996000000001
343;11.4380000000001;9.04600000000028;60.3400000000001;18.4719999999998
47;3.50900000000001;3.74299999999857;7.02899999999863;2.41300000000047
378;11.5780000000013;8.34300000000076;64.5410000000011;20.7780000000002
514;13.7040000000015;10.5429999999997;89.8680000000004;28.0950000000012
840;20.0390000000007;13.3279999999995;146.804999999998;45.9889999999996
124;6.79600000000028;5.94900000000052;24.2540000000008;7.73899999999958
803;18.2890000000007;12.5040000000008;123.563;42.8910000000014
276;7.77499999999964;6.61800000000039;41.5220000000008;11.753999999999
371;9.51500000000124;7.36299999999937;58.4189999999999;18.5300000000007
237;6.97799999999916;5.79800000000068;36.2310000000016;11.0149999999994
747;14.5799999999999;10.1409999999996;109.736000000001;32.5829999999987
587;11.9009999999998;7.98600000000079;87.7749999999996;26.1929999999993
541;11.8379999999997;7.46000000000095;81.7250000000004;24.9340000000011
628;12.8960000000006;9.19200000000092;94.1149999999998;28.9219999999987
308;7.59000000000015;5.59199999999873;48.1309999999994;13.8680000000004
603;11.4790000000012;9.63000000000102;92.5489999999991;26.1310000000012
870;16.6769999999997;11.1580000000013;126.034;37.3720000000012
995;16.9500000000007;12.0110000000004;145.691000000001;45.9230000000007
570;11.3510000000006;7.92599999999948;82.2910000000011;25.9099999999999
855;15.1119999999992;10.6489999999994;133.214;39.7890000000007
592;12.0809999999983;8.30299999999988;89.5490000000009;27.2999999999993
147;5.4429999999993;4.10699999999997;21.3730000000014;6.45800000000054
195;6.1820000000007;5.14199999999983;28.0010000000002;8.51900000000023
181;5.98400000000038;5.23199999999997;27.862000000001;8.09000000000015
183;5.71299999999974;4.84200000000055;26.9650000000001;9.13600000000042
879;15.9699999999993;10.7520000000004;130.34;38.0519999999997
35;2.69700000000012;2.91500000000087;6.59900000000016;2.09900000000016
170;6.34599999999955;4.53000000000065;25.4069999999992;9.64999999999964
696;13.5619999999999;9.57699999999932;104.818000000001;29.8310000000001
500;10.3949999999986;8.33200000000033;77.6990000000005;21.9689999999991
947;15.7659999999996;11.273000000001;146.134;42.3310000000001
535;12.7270000000008;7.58699999999953;83.8399999999983;25.2620000000006
291;9.14500000000044;7.69999999999891;43.3109999999997;15.2599999999984
453;11.4580000000005;8.91500000000087;75.0280000000002;23.232
938;19.8059999999969;12.3129999999983;154.628000000001;47.6790000000001
608;14.1369999999988;11.1800000000003;102.913;31.6700000000019
702;16.0650000000023;10.4290000000001;121.004000000001;34.4729999999981
506;12.9320000000007;9.65099999999802;84.487000000001;24.8359999999993
405;11.7860000000001;8.6730000000025;67.5859999999993;19.5799999999981
275;9.03000000000247;6.91200000000026;45.875;13.0749999999971
94;5.3760000000002;4.125;15.7770000000019;4.84799999999814
423;12.2949999999983;9.26499999999942;71.3600000000006;21.5060000000012
363;10.9599999999991;7.6140000000014;62.9239999999991;18.2580000000016
553;14.1320000000014;9.89900000000125;92.244999999999;26.9339999999975
389;11.4979999999996;7.98500000000058;64.9279999999999;20.0669999999991
402;11.2159999999967;8.75300000000061;66.4989999999998;19.5760000000009
721;17.2040000000015;12.6640000000007;122.266;36.604000000003
842;19.9030000000021;13.5519999999997;137.702999999998;42.4120000000003
622;17.2640000000029;10.3269999999975;104.238999999998;30.6749999999993
28;4.00399999999718;3.8760000000002;4.60199999999895;2.04799999999886
32;3.55999999999767;3.6830000000009;5.64600000000064;2.19900000000052
161;7.00099999999657;5.48400000000038;27.3970000000008;8.3179999999993
634;16.1159999999982;11.6280000000006;107.57;33.4209999999985
568;14.7080000000024;11.7829999999994;97.0709999999999;28.599000000002
809;17.3459999999977;12.1899999999987;136.065999999999;40.9180000000015
564;14.8220000000001;9.41900000000169;94.7099999999991;29.4239999999991
786;19.0019999999968;12.0979999999981;127.196;38.7230000000018
954;17.5430000000015;11.351999999999;161.993999999999;49.4989999999998
965;19.7719999999972;13.8090000000011;164.435999999998;49.0950000000012
135;6.77399999999761;6.16600000000108;23.2440000000024;6.99799999999959
57;5.01800000000003;4.15499999999884;8.94700000000012;2.83799999999974
572;15.6450000000004;10.4560000000019;99.6590000000033;31.8189999999995
392;11.3969999999972;8.3269999999975;67.6820000000007;19.1700000000019
56;5.14400000000023;4.66200000000026;9.44300000000294;3.72599999999875
625;15.2980000000025;10.6779999999999;106.761000000002;31.5580000000009
864;19.5499999999993;13.5960000000014;144.327999999998;43.1870000000017
691;17.0640000000021;10.7309999999998;111.828999999998;33.6039999999994
1000;20.8629999999976;14.1970000000001;169.278999999999;51.3220000000001
618;16.3269999999975;10.5970000000016;102.985000000001;32.107
59;5.14400000000023;4.34400000000096;9.7489999999998;2.94399999999951
699;17.6949999999997;11.405999999999;117.050999999999;36.0780000000013
240;8.39500000000044;7.12800000000061;43.8209999999999;12.9670000000006
919;19.6970000000001;11.9859999999971;154.878000000001;45.0110000000022
41;4.93799999999828;4.02700000000186;6.84700000000157;2.39400000000023
438;11.9150000000009;10.0879999999997;70.5159999999996;20.3820000000014
404;11.5380000000005;7.79699999999866;67.4559999999983;20.5720000000001
493;14.4079999999994;9.62100000000282;82.4989999999998;26.3640000000014
220;8.29000000000087;6.35900000000038;36.9229999999989;11.3339999999989
975;20.7729999999974;13.6880000000019;160.504999999997;47.9449999999997
484;12.8439999999973;9.41999999999825;81.2040000000015;24.4239999999991
951;20.7050000000017;13.2070000000022;159.5;47.4639999999999
597;15.1020000000026;10.9749999999985;101.845999999998;30.0419999999976
733;16.6510000000017;11.4759999999987;122.554;37.0049999999974
290;9.91100000000006;7.43100000000049;49.6260000000002;14.4419999999991
452;13.1749999999993;10.1009999999987;78.2020000000011;22.1699999999983
90;5.47699999999895;5.00200000000041;14.0529999999999;4.20599999999831
23;3.49299999999857;3.19800000000032;3.6359999999986;1.13400000000183
614;14.6479999999974;10.375;107.585999999999;31.6959999999999
699;16.0289999999986;11.5199999999968;120.394;35.7160000000003
876;19.5250000000015;13.8770000000004;148.378000000001;44.3270000000011
876;21.2670000000035;13.4879999999976;156.784;45.6209999999992
319;10.7880000000005;8.31899999999951;54.4310000000005;15.288999999997
740;18.9190000000017;11.4750000000022;124.739000000001;37.0200000000004
504;14.4459999999999;9.41400000000067;86.1080000000002;26.9709999999977
685;17.1039999999994;11.1390000000029;115.042999999998;32.357
389;11.5;9.16299999999683;64.6670000000013;19.9359999999979
525;14.0519999999997;9.10399999999936;85.7009999999973;25.7740000000013
398;12.4030000000021;8.15099999999802;64.9269999999997;20.0490000000027
716;16.375;11.8760000000002;119.911999999997;34.5610000000015
341;10.7019999999975;8.3550000000032;55.5380000000005;17.1139999999978
315;10.5849999999991;7.36499999999796;52.5989999999983;16.0560000000005
777;16.3120000000017;11.2099999999991;130.314999999999;36.9730000000018
163;7.47500000000218;6.10399999999936;27.8870000000024;8.08300000000236
259;9.24799999999959;7.08299999999872;43.4140000000007;13.405999999999
553;15.3809999999976;9.90899999999965;90.8500000000022;26.8790000000008
470;12.3070000000007;9.26200000000244;77.0529999999999;23.7220000000016
114;6.20099999999729;5.44399999999951;18.979000000003;6.16400000000067
775;16.9739999999983;12.273000000001;130.411;38.0069999999978
486;13.1709999999985;9.59300000000076;69.8999999999978;24.5290000000023
400;11.8970000000008;7.63899999999921;58.9459999999999;16.9700000000012
574;12.6229999999996;8.73700000000099;84.3019999999997;25.7630000000026
382;10.4300000000003;7.06399999999849;58.6290000000008;16.9130000000005
643;13.1550000000025;9.67799999999988;96.762999999999;32.3559999999998
442;10.5619999999981;7.48700000000099;63.3849999999984;17.6749999999993
67;3.92299999999886;3.125;8.97999999999956;2.60299999999916
535;11.4110000000001;8.44399999999951;80.6110000000008;22.7560000000012
535;10.737000000001;9.00300000000061;79.7779999999984;22.6669999999976
987;17.6759999999995;12.280999999999;157.707000000002;46.023000000001
968;17.3339999999989;10.9500000000007;147.670000000002;42.2270000000026
277;7.70799999999872;6.27400000000125;42.3279999999977;11.9429999999993
976;16.6059999999998;11.5810000000019;151.749;44.1850000000013
727;13.3739999999998;9.31100000000151;108.467000000001;31.768
51;3.35000000000218;3.91999999999825;7.39900000000125;2.29500000000189
401;9.04299999999785;6.61700000000201;60.5989999999983;17.0709999999999
765;15.0020000000004;10.469000000001;113.562999999998;32.8209999999999
97;5.04400000000169;4.21299999999974;14.6000000000022;4.94900000000052
106;4.53800000000047;4.17799999999988;16.0980000000018;4.60299999999916
790;14.4799999999996;9.49699999999939;119.019;36.0380000000005
444;10.4609999999993;6.90999999999985;66.2970000000023;20.6909999999989
251;6.90499999999884;5.82800000000134;36.0420000000013;10.974000000002
632;13.101999999999;9.5679999999993;98.7109999999993;26.1390000000029
839;16.7340000000004;10.5289999999986;129.352999999999;38.518
432;9.03799999999683;6.74799999999959;65.2210000000014;18.1169999999984
504;10.405999999999;7.13100000000122;74.900999999998;21.1980000000003
911;16.4850000000006;10.9549999999981;136.563000000002;42.3319999999985
787;14.969000000001;9.46299999999974;120.969000000001;38.1519999999982
63;3.69499999999971;3.28299999999945;8.66799999999785;2.72400000000198
550;11.604000000003;8.1140000000014;82.5430000000015;23.3630000000012
575;11.9980000000032;8.39400000000023;88.1389999999992;26.5460000000021
744;13.8839999999982;9.55500000000029;110.153000000002;31.5270000000019
926;18.0360000000001;11.719000000001;138.93;40.625
738;14.9789999999994;9.68499999999767;113.689999999999;32.0249999999978
631;12.724000000002;9.48199999999997;96.6579999999994;27.6399999999994
249;7.49699999999939;6.04599999999846;39.2969999999987;11.2160000000003
614;13.2580000000016;8.53600000000006;94.3199999999997;28.8119999999981
124;5.26900000000023;4.46200000000681;16.898000000001;5.09700000000157
529;11.9530000000013;7.41399999999703;83.6089999999967;24.176999999996
345;8.6929999999993;6.62400000000343;52.0639999999985;16.3669999999984
953;17.3249999999971;10.8080000000045;144.845999999998;44.4310000000041
564;13.0560000000041;8.37400000000343;84.3899999999994;24.4859999999971
557;11.5820000000022;7.85300000000279;84.6310000000012;23.1129999999976
326;7.89900000000489;6.22200000000157;48.7900000000009;14.0580000000045
879;16.4049999999988;11.0179999999964;131.055;39.3819999999978
142;5.90200000000186;4.91399999999703;21.1619999999966;6.15899999999965
288;8.83400000000256;5.9320000000007;42.2380000000048;12.9090000000069
872;16.5500000000029;11.8740000000034;134.952999999994;41.0169999999998
141;4.97299999999814;4.61500000000524;22.1329999999944;6.68100000000413
791;14.9270000000033;9.49699999999575;122.236000000004;35.1360000000059
945;16.7640000000029;10.8119999999981;141.259999999995;42.4760000000024
574;12.2660000000033;8.69400000000314;86.7150000000038;29.2520000000004
471;10.0310000000027;7.78399999999965;73.8709999999992;21.2289999999994
278;7.17599999999948;5.4429999999993;42.5900000000038;11.3309999999983
866;15.8729999999996;10.5199999999968;133.938999999998;40.2950000000055
498;11.1290000000008;7.42500000000291;78.083000000006;23.1619999999966
996;17.4249999999956;11.9309999999969;152.166000000005;44.275999999998
186;6.06899999999587;4.59700000000157;27.9279999999999;8.34200000000419
465;10.5989999999947;7.6929999999993;71.4900000000052;22.237000000001
749;13.9969999999958;9.66700000000128;114.378000000004;33.3369999999995
834;14.9550000000017;9.85199999999895;128.584000000003;35.5829999999987
826;14.7660000000033;10.4349999999977;130.976999999999;36.2960000000021
845;15.5329999999958;9.50299999999697;130.857000000004;37.1170000000056
850;15.3570000000036;11.377999999997;132.048000000003;36.3949999999968
936;16.1949999999997;12.2280000000028;142.601000000002;44.012999999999
267;7.84900000000198;6.44499999999971;41.1889999999985;11.1719999999987
531;12.1640000000043;8.40699999999924;83.2000000000044;22.747000000003
195;6.30099999999948;5.2390000000014;28.502999999997;9.24200000000565
175;5.53399999999965;4.68700000000536;27.3099999999977;7.17700000000332
438;10.5580000000045;7.48999999999796;67.2969999999987;18.8859999999986
586;11.8510000000024;8.43400000000111;90.1179999999949;26.226999999999
432;10.0210000000006;6.98199999999633;65.3510000000024;18.4690000000046
714;13.6169999999984;9.63999999999942;109.610999999997;32.0530000000072
305;9.23599999999715;5.9739999999947;46.3029999999999;14.4510000000009
271;7.5789999999979;5.85700000000361;41.9040000000023;12.4599999999991
804;14.3449999999939;10.4910000000018;127.985000000001;35.4639999999999
593;11.8349999999991;8.16199999999662;91.4510000000009;26.3320000000022
596;11.6189999999988;9.4629999999961;95.4400000000023;27.8629999999976
363;9.21499999999651;6.88899999999558;55.6710000000021;14.9389999999985
538;11.1650000000009;7.90200000000186;81.5820000000022;24.025999999998
709;14.0910000000003;8.52300000000105;112.966999999997;32.5880000000034
16;2.16600000000471;2.31299999999464;2.40499999999884;0.75
854;16.5659999999989;10.5209999999934;136.201999999997;44.0500000000029
113;5.05000000000291;3.78900000000431;18.2539999999935;5.27100000000064
434;10.7290000000066;7.70700000000215;69.4700000000012;20.5840000000026
681;12.6300000000047;9.3179999999993;106.396000000001;29.8000000000029
169;6.26400000000285;5.21500000000378;24.6949999999997;6.9539999999979
272;7.24399999999878;5.74199999999837;40.9159999999974;12.4439999999959
310;7.98300000000017;5.90399999999499;48.038999999997;13.4479999999967
888;16.5309999999954;10.9639999999999;141.754999999997;38.3189999999959
13;1.89600000000064;2.02400000000489;1.86799999999494;0.671000000002095
429;9.33499999999913;6.31399999999849;68.5649999999951;20.0720000000001
622;12.8310000000056;9.27399999999761;93.8099999999977;28.6209999999992
809;14.7490000000034;10.5369999999966;121.296000000002;37.2649999999994
876;15.6990000000005;10.476999999999;134.873;38.7489999999962
664;12.7239999999947;8.72400000000198;102.173000000003;31.073000000004
180;5.93299999999726;5.32700000000477;26.6730000000025;8.78699999999662
567;12.2589999999982;8.49199999999837;85.5420000000013;25.5599999999977
71;3.80000000000291;3.36899999999878;11.6189999999988;3.46199999999953
223;6.65699999999924;5.14100000000326;34.4780000000028;10.2449999999953
645;12.1440000000002;9.12700000000041;99.1039999999994;30.747000000003
610;12.3379999999961;8.17200000000594;90.5760000000009;25.8780000000042
758;14.3389999999999;9.52100000000064;119.019999999997;36.3209999999963
949;17.4530000000013;10.9830000000002;144.146000000001;41.7419999999984
230;6.38900000000285;5.69000000000233;35.3320000000022;9.79699999999866
532;11.7289999999994;7.72499999999854;81.7669999999998;25.471000000005
692;13.2459999999992;9.16999999999825;109.631999999998;32.0020000000004
680;13.2710000000006;9.62400000000343;103.552000000003;29.3940000000002
561;11.9140000000043;8.2410000000018;86.5919999999969;25.7069999999949
915;16.7770000000019;10.6549999999988;144.934000000001;40.4979999999996
812;16.1880000000019;10.5610000000015;126.552000000003;37.8780000000042
242;6.61599999999453;5.40000000000146;37.5749999999971;10.3040000000037
338;9.02599999999802;6.45999999999913;52.5369999999966;15.2339999999967
865;15.403999999995;10.6260000000038;142.017;40.2920000000013
151;5.97300000000541;4.19700000000012;25.3430000000008;7.09500000000116
956;17.0499999999956;11.0460000000021;148.752;44.9670000000042
260;6.99199999999837;5.3859999999986;38.6339999999982;11.0900000000038
825;15.862000000001;9.87599999999657;129.779000000002;37.7930000000051
337;7.69700000000012;6.79599999999482;52.1419999999998;14.4930000000022
155;6.10499999999593;4.57400000000052;24.2020000000048;7.50400000000081
770;14.0889999999999;10.4809999999998;121.397000000004;35.726999999999
394;8.87600000000384;6.80099999999948;62.0540000000037;16.2379999999976
390;8.99399999999878;6.97300000000541;61.3480000000054;17.5279999999984
768;16.5119999999952;9.82700000000477;115.583000000006;34.3070000000007
436;9.82600000000093;7.17799999999988;69.3309999999983;23.1370000000024
215;6.68500000000495;5.58999999999651;32.6100000000006;9.09399999999732
963;17.351999999999;11.5210000000006;154.448000000004;46.5459999999948
218;6.78199999999924;5.49700000000303;32.734000000004;9.37699999999313
876;15.2869999999966;10.9519999999975;136.205999999998;40.9110000000001
941;18.4669999999969;12.7249999999985;148.454999999994;41.6599999999962
452;10.7810000000027;8.22800000000279;70.1979999999967;21.5180000000037
485;9.84800000000541;7.11899999999878;74.4360000000015;21.4470000000001
481;9.80500000000029;7.56000000000495;74.8680000000022;21.6099999999933
185;6.18599999999424;5.0789999999979;26.9340000000011;8.05500000000029
180;5.86100000000442;4.83800000000338;26.6419999999998;7.53200000000652
385;9.24199999999837;7.10399999999936;58.9939999999988;17.0670000000027
827;14.7350000000006;9.666999999994;134.446000000004;36.5190000000002
309;8.2609999999986;5.62099999999919;47.8470000000016;13.737000000001
230;6.87800000000425;5.19799999999668;34.8849999999948;12.2220000000016
555;12.1569999999992;7.48999999999796;89.8470000000016;25.7900000000009
650;13.1860000000015;9.13300000000163;99.3640000000014;29.6670000000013
477;10.0210000000006;6.8949999999968;76.6800000000003;22.0910000000003
852;15.6290000000008;9.54099999999744;130.796000000002;37.7520000000004
853;15.1709999999948;9.62699999999313;136.848999999995;37.2830000000031
816;15.859000000004;10.2740000000049;135.233999999997;36.9110000000001
597;12.2319999999963;8.72299999999814;95.1979999999967;27.6099999999933
34;2.96600000000035;2.85800000000017;5.37599999999657;1.71399999999994
649;13.2750000000015;8.38900000000285;104.025999999998;29.0460000000021
679;13.2920000000013;9.58999999999651;109.162000000004;33.2479999999996
527;10.8060000000041;8.22699999999895;81.6209999999992;24.5789999999979
37;3.01699999999983;3.50699999999779;6.72799999999552;2.1140000000014
844;16.5789999999979;10.6789999999964;136.348999999995;39.0409999999974
66;3.85399999999936;3.38500000000204;10.2860000000001;2.83099999999831
897;16.2020000000048;11.4379999999946;137.330000000002;39.5059999999939
701;13.5970000000016;10.6890000000058;109.549999999996;31.6840000000011
926;16.5950000000012;10.0749999999971;144.786;42.1450000000041
284;7.88900000000285;5.30399999999645;43.6219999999958;12.7760000000053
244;7.05299999999988;5.6160000000018;39.2389999999941;10.900999999998
604;12.3790000000008;8.64300000000367;94.4170000000013;27.9839999999967
390;10.6929999999993;7.38800000000629;61.7860000000001;18.3530000000028
240;6.5570000000007;5.17699999999604;36.9689999999973;10.7880000000005
991;16.3320000000022;11.3760000000038;154.483;46.1129999999976
428;10.4409999999989;7.50299999999697;65.3500000000058;20.3300000000017
61;3.65799999999581;3.33199999999488;8.83800000000338;2.96600000000035
146;5.69499999999971;3.98899999999412;23.2569999999978;6.4910000000018
3;1.49199999999837;1.42699999999604;0.413999999997031;0.227999999995518
241;6.71600000000035;5.65999999999622;37.8050000000003;10.9279999999999
303;7.73999999999796;5.84999999999854;48.3660000000018;13.2810000000027
524;10.6330000000016;7.62199999999575;84.1429999999964;23.801999999996
660;13.6469999999972;8.77500000000146;100.703999999998;30.1440000000002
81;3.96199999999953;3.91999999999825;12.2149999999965;4.21099999999569
400;9.38799999999901;7.13900000000285;64.275999999998;18.9969999999958
584;11.5;9.36000000000058;93.1270000000004;26.0749999999971
314;7.66599999999744;6.0089999999982;47.3859999999986;13.4260000000068
851;15.6529999999984;9.96600000000035;134.758999999998;37.385000000002
486;11.0119999999952;7.72100000000501;77.8889999999956;21.1990000000005
725;13.9830000000002;10.5279999999984;115.123;33.7459999999992
305;7.47999999999593;6.37600000000384;46.5659999999989;13.6949999999997
802;14.739999999998;10.913999999997;131.008999999998;36.3919999999998
66;4.3469999999943;3.69099999999889;10.7250000000058;3.26799999999639
563;11.4420000000027;7.71600000000035;87.8989999999976;25.1940000000031
744;14.237000000001;10.2520000000004;118.493999999999;32.8009999999995
68;3.64600000000064;3.41000000000349;10.4510000000009;2.96800000000076
388;8.86000000000058;7.06599999999889;61.4639999999999;16.8059999999969
389;9.70899999999529;6.53600000000006;64.0169999999998;17.7450000000026
805;13.9380000000019;9.2390000000014;130.330999999998;37.8960000000006
505;11.6600000000035;7.75499999999738;83.4380000000019;22.4549999999945
49;3.25699999999779;2.94099999999889;7.13899999999558;2.23599999999715
242;7.19599999999627;5.66599999999744;39.4830000000002;12.3129999999946
848;16.3539999999994;9.68999999999505;136.247000000003;41.0829999999987
212;6.90400000000227;4.77100000000064;33.7139999999999;8.64299999999639
667;13.0410000000047;9.4890000000014;106.938999999998;31.0440000000017
398;9.11899999999878;6.86000000000058;64.0889999999999;17.7489999999962
266;7.23099999999977;6.0480000000025;43.4989999999962;12.273000000001
464;10.9979999999996;6.91600000000471;70.6670000000013;21.0529999999999
490;11.0570000000007;7.11000000000058;76.3970000000045;21.5919999999969
499;10.8340000000026;7.49799999999959;76.7799999999988;21.9110000000001
433;9.52500000000146;6.8289999999979;64.9649999999965;18.6829999999973
65;3.85399999999936;3.11899999999878;9.73500000000058;2.99900000000343
860;14.9069999999992;10.775999999998;135.655000000006;37.7660000000033
684;13.5220000000045;8.72200000000157;109.709000000003;31.028999999995
11;1.93499999999767;2.05400000000373;1.45300000000134;0.760999999998603
114;4.6710000000021;3.55500000000029;17.9320000000007;5.19499999999971
114;4.87400000000343;3.59600000000501;16.8509999999951;5.71399999999994
564;11.8660000000018;8.60699999999633;84.6100000000006;24.3569999999963
197;5.98099999999977;4.89699999999721;30.4559999999983;9.21800000000076
681;13.5580000000045;8.88100000000122;102.894;31.2010000000009
824;15.3249999999971;10.8960000000006;128.084999999999;35.9799999999959
593;12.599000000002;8.41300000000047;91.0579999999973;28.4590000000026
647;13.6089999999967;8.87799999999697;102.598999999995;30.4780000000028
131;5.11200000000099;4.01200000000244;20.025999999998;5.46800000000076
549;11.3740000000034;7.81399999999849;83.5139999999956;25.3239999999932
304;7.74599999999919;5.89999999999418;47.8039999999964;14.0769999999975
231;6.80799999999726;5.89999999999418;35.6100000000006;10.9329999999973
921;16.7249999999985;10.8870000000024;139.278999999995;40.2540000000008
74;4.01200000000244;3.50600000000122;10.7719999999972;3.17500000000291
146;5.30999999999767;4.3070000000007;21.1500000000015;6.48700000000099
840;16.0689999999959;9.92400000000634;130.117999999995;39.2149999999965
26;2.98999999999796;2.21500000000378;4.38499999999476;1.63500000000204
50;3.81000000000495;3.62700000000041;7.35599999999977;2.58100000000559
370;8.97899999999936;6.61699999999837;56.3380000000034;16.237000000001
998;17.2849999999962;11.6290000000008;152.436000000002;48.1389999999956
287;7.76299999999901;5.78899999999703;44.6520000000019;15.0979999999981
933;16.3629999999976;10.8329999999987;145.803;42.2680000000037
293;7.75099999999657;5.62999999999738;44.5250000000015;12.9619999999995
821;14.5930000000008;9.15699999999924;128.624000000003;37.5210000000006
292;8.26399999999558;5.60800000000017;47.247000000003;13.0330000000031
940;16.4819999999963;11.403999999995;146.982000000004;42.9639999999999
525;10.8770000000004;7.70200000000477;80.9919999999984;22.4909999999945
936;17.6399999999994;11.0869999999995;147.745000000003;43.7890000000043
638;11.737000000001;8.72400000000198;102.252;31.6289999999935
948;16.5939999999973;10.9239999999991;148.788;45.0349999999962
895;18.125;11.3009999999995;139.518000000004;40.1049999999959
535;10.7969999999987;8.29599999999482;81.5339999999997;24.6229999999996
210;6.54000000000087;5.12299999999959;31.4630000000034;9.67700000000332
371;9.38500000000204;6.44000000000233;56.9559999999983;16.0910000000003
289;7.35399999999936;5.7039999999979;43.622000000003;14.5780000000013
204;6.43000000000029;4.55400000000373;29.6489999999976;8.77300000000105
496;12.1159999999945;8.40399999999499;79.8550000000032;24.2400000000052
588;11.7119999999995;8.97499999999854;91.739999999998;27.4229999999952
809;14.9219999999987;11.2259999999951;126.497000000003;36.237000000001
819;14.9289999999964;9.78699999999662;128.585000000006;40.2200000000012
232;6.93699999999808;4.88199999999779;36.1399999999994;9.41400000000431
541;11.5769999999975;8.01900000000023;83.1069999999963;24.9800000000032
899;15.7949999999983;10.8640000000014;139.919000000002;41.5120000000024
882;17.0550000000003;10.4459999999963;141.942999999999;40.4329999999973
392;9.33100000000559;6.52799999999843;60.1959999999963;18.6199999999953
525;11.2160000000003;8.90000000000146;83.4540000000052;23.8619999999937
915;15.7719999999972;10.7330000000002;143.035000000003;41.3050000000003
300;8.21499999999651;5.58299999999872;48.4520000000048;14.2469999999958
557;12.0070000000051;7.25600000000122;85.073000000004;26.0420000000013
67;3.87200000000303;3.28100000000268;12.0580000000045;3.4320000000007
933;16.3289999999979;11.0140000000029;145.281000000003;41.6169999999984
965;16.4619999999995;11.4239999999991;149.686000000002;44.6069999999963
755;13.9400000000023;10.2880000000005;118.622000000003;33.7830000000031
947;16.8810000000012;10.4839999999967;149.110000000001;43.6909999999989
97;4.49200000000565;3.86499999999796;13.9369999999981;4.00200000000041
675;13.0939999999973;9.30299999999988;105.478000000003;30.226999999999
723;13.2619999999952;9.20700000000215;113.073000000004;32.7079999999987
150;5.24599999999919;4.0679999999993;22.1779999999999;6.79300000000512
860;15.1829999999973;10.0449999999983;136.506000000001;40.5880000000034
318;8.08299999999872;6.5089999999982;50.9589999999953;15.7459999999992
876;15.9130000000005;10.2309999999998;140.140999999996;39.2560000000012
741;13.6460000000006;9.24499999999534;118.809999999998;33.5460000000021
216;6.5109999999986;4.89800000000105;33.3669999999984;10.6200000000026
218;6.67199999999866;4.85100000000239;32.5849999999991;9.47800000000279
969;16.8839999999982;11.2090000000026;154.618999999999;44.4919999999984
16;2.34500000000116;2.52899999999499;2.35199999999895;1.01100000000588
189;5.83099999999831;4.72400000000198;28.8510000000024;8.16900000000169
660;13.7549999999974;8.68299999999726;106.012999999999;30.6800000000003
535;11.3840000000055;7.5480000000025;84.6069999999963;23.5380000000005
847;15.5550000000003;10.7030000000013;135.205000000002;41.1049999999959
398;9.25499999999738;6.90299999999843;63.6710000000021;18.0849999999991
40;3.27700000000186;2.84200000000419;6.09900000000198;2.3550000000032
348;8.29499999999825;6.13700000000244;54.9789999999994;16.0220000000045
319;8.90499999999884;6.11299999999756;51.8380000000034;14.554999999993
65;3.75299999999697;3.89199999999255;10.1610000000073;3.13000000000466
374;8.54299999999057;6.35000000000582;58.747000000003;16.5899999999965
767;14.3150000000023;9.30200000001059;119.790999999997;33.8680000000022
195;6.3179999999993;4.63199999999779;28.7920000000013;8.27199999999721
819;15.1009999999951;9.82799999999406;135.141000000003;38.4459999999963
639;12.4670000000042;8.91300000000047;104.478000000003;29.8969999999972
814;14.301999999996;10.1850000000122;130.739999999991;37.9510000000009
782;14.1009999999951;11.2519999999931;125.376000000004;39.5760000000009
630;12.625;8.72699999999895;101.644;27.7440000000061
81;3.90700000000652;3.41999999999825;11.7569999999978;3.75500000000466
278;8.20300000000861;6.17500000000291;43.1059999999998;13.2880000000005
439;10.2969999999914;7.03599999999278;69.153999999995;20.7510000000038
160;6.02899999999499;4.44500000000698;24.3970000000118;6.82600000000093
806;15.1909999999916;9.71199999999953;128.542000000001;36.1260000000038
21;2.9259999999922;1.96700000000419;3.14900000000489;1.05900000000838
166;5.63500000000931;4.56999999999243;25.0619999999908;7.18400000000838
631;12.1820000000007;8.21400000000722;100.455000000002;29.7050000000017
779;14.278999999995;9.17899999998917;128.475999999995;37.0510000000068
636;12.7130000000034;9.44999999999709;100.501999999993;29.0439999999944
211;6.38799999999173;5.08299999999872;32.525999999998;9.41700000000128
880;16.4159999999974;10.6889999999985;139.923999999999;40.1730000000098
609;12.8039999999892;9.46199999999953;96.6789999999892;27.5350000000035
947;16.275999999998;10.8029999999999;152.536000000007;45.5620000000054
713;13.7660000000033;8.94399999998859;112.148000000001;32.5639999999985
316;8.53699999999662;6.90099999999802;49.2439999999915;15.1370000000024
240;6.60199999999895;5.53199999999197;37.6009999999951;11.4049999999988
852;15.859999999986;9.89599999999336;134.410000000003;40.0610000000015
586;12.6269999999931;8.45500000000175;92.8090000000084;27.4700000000012
65;3.99200000001292;3.88600000001315;9.88300000000163;3.48399999999674
197;6.18400000000838;4.79700000000594;30.7459999999992;8.9210000000021
96;4.23300000000745;3.82499999999709;14.7440000000061;4.95600000000559
307;8.08600000001024;6.29300000000512;48.4159999999974;15.1680000000051
734;13.3809999999939;9.08200000000943;116.29800000001;33.5249999999942
341;8.56200000000536;6.49600000001374;54.1209999999992;17.8329999999987
537;10.9470000000001;7.54799999999523;86.7189999999973;25.7630000000063
654;12.7400000000052;8.64100000000326;107.152000000002;29.6009999999951
308;7.63300000000163;5.41800000000512;47.4800000000105;14.3220000000001
231;6.51499999999942;5.66399999998976;37.9729999999981;11.2669999999925
276;7.14599999999336;6.16000000000349;48.6160000000091;13.4840000000113
388;9.25999999999476;7.17699999999604;61.4579999999987;18.9660000000003
303;8.03300000001036;5.76300000000629;48.3260000000009;15.4930000000022
715;16.3360000000102;8.71500000001106;113.025999999998;34.9500000000116
85;4.23699999999371;3.59500000000116;13.3760000000038;4.11200000000827
661;13.8600000000006;8.65700000000652;104.88900000001;31.5620000000054
906;16.4339999999938;10.573000000004;147.981;41.1120000000083
756;13.7989999999991;10.1680000000051;121.463999999993;36.0880000000034
938;17.3439999999973;10.6989999999932;149.976999999999;44.6169999999984
846;15.0080000000016;10.4230000000098;135.724000000002;40.3059999999969
43;3.26199999998789;2.81100000000151;6.25599999999395;1.99499999999534
733;14.8060000000114;9.95199999999022;114.419999999998;34.8600000000006
23;2.38300000000163;2.1990000000078;3.45300000000861;1.16400000000431
283;7.39300000001094;5.99599999999919;45.7039999999979;13.5679999999993
938;16.7369999999937;11.0069999999978;162.187000000005;42.3059999999969
595;12.0779999999941;8.41800000000512;98.544000000009;27.8390000000072
361;8.64900000000489;6.3700000000099;60.2390000000014;16.5329999999958
855;15.752999999997;11.3499999999913;143.530999999988;40.3489999999874
149;5.60699999998906;4.93799999999464;23.5369999999966;7.41400000000431
563;11.1290000000008;7.60900000001129;90.5179999999964;26.8239999999932
903;16.7679999999964;11.375;145.841;42.0610000000015
741;13.7430000000022;10.2360000000044;119.963000000003;34.5149999999994
314;8.13800000000629;5.93299999998999;50.1870000000054;14.6070000000036
732;14.2160000000003;9.80999999999767;117.467000000004;33.9369999999908
187;6.4770000000135;4.84399999999732;30.1909999999916;9.05899999999383
459;9.69100000000617;7.49199999999837;73.2440000000061;22.9940000000061
600;12.4260000000068;8.14000000001397;96.5540000000037;29.1429999999964
792;15.0180000000109;10.2329999999929;133.956999999995;37.1790000000037
495;10.4839999999967;7.83200000000943;82.9220000000059;24.1779999999999
242;7.0109999999986;6.26900000000023;39.0899999999965;11.2130000000034
759;14.0540000000037;9.67200000000594;122.936000000002;36.4440000000031
757;14.2519999999931;10.3220000000001;120.737999999998;36.8990000000049
91;4.06899999998859;3.60000000000582;14.3319999999949;4.47499999999127
744;14.310999999987;9.62399999999616;120.652000000002;35.3500000000058
267;8.16799999999057;6.35100000000966;42.2539999999863;13.0889999999927
524;11.1750000000029;7.84299999999348;83.2219999999943;24.1610000000073
715;13.7480000000069;9.17199999999139;115.606;33.7719999999972
210;6.39199999999255;5.20199999999022;32.9700000000012;9.11300000001211
606;12.333999999988;8.2960000000021;98.2430000000022;27.8880000000063
197;6.8179999999993;4.95600000000559;31.8999999999942;9.54099999999744
358;8.68400000000838;6.57099999999627;57.4029999999912;16.3839999999909
978;17.0429999999906;11.2070000000094;159.679000000004;47.5430000000051
795;13.9759999999951;10.3010000000068;129.152000000002;36.3499999999913
705;13.7019999999902;9.33299999999872;114.472000000009;34.4429999999993
384;9.11599999999453;7.08000000000175;60.7290000000066;16.9349999999977
273;7.30800000000454;6.3700000000099;45.4049999999988;13.724000000002
291;7.78499999998894;6.08499999999185;45.851999999999;13.4199999999983
667;13.7350000000006;8.58999999999651;110.130000000005;31.898000000001
864;16.1229999999923;10.8400000000111;140.277000000002;42.19200000001
700;12.929999999993;9.19899999999325;113.922000000006;32.2839999999997
742;13.5470000000059;9.25699999999779;120.890999999989;34.7620000000024
437;10.5290000000095;6.80999999999767;69.3580000000075;20.3940000000002
924;17.2489999999962;11.3959999999934;147.891000000003;43.9749999999913
587;11.8059999999969;8.1759999999922;95.5149999999994;26.2490000000107
738;13.8990000000049;9.46399999999267;119.135999999999;35.1679999999906
963;17.2209999999905;10.4249999999884;157.41399999999;46.8999999999942
379;9.14500000000407;6.70200000000477;63.5149999999994;17.3419999999896
544;11.4279999999999;8.21099999999569;86.3329999999987;27.1330000000016
886;15.5459999999875;11.4879999999976;145.284;42.8580000000075
668;13.9499999999971;9.1189999999915;109.125;32.2580000000016
390;9.3799999999901;6.58999999999651;63.6959999999963;17.6469999999972
426;9.45299999999406;6.24000000000524;69.2440000000061;19.3559999999998
546;11.3629999999976;7.97000000000116;87.4670000000042;26.5359999999928
481;9.93400000000838;7.27700000000186;79.3999999999942;23.1770000000106
963;16.7859999999928;11.6169999999984;160.013999999996;48.2540000000008
967;17.2989999999991;11.2719999999972;156.866999999998;45.4549999999872
921;16.1039999999921;10.5449999999983;150.710000000006;41.974000000002
338;8.31999999999243;6.07499999999709;54.9170000000013;15.9150000000081
768;14.4300000000076;9.82999999998719;126.709000000003;37.3000000000029
928;16.6140000000014;10.2079999999987;152.809999999998;43.6680000000051
388;9.50599999999395;6.90600000000268;66.5529999999999;18.1570000000065
847;15.5509999999922;9.94199999999546;145.394;42.3809999999939
994;18.3190000000031;12.1049999999959;164.025999999998;49.7090000000026
470;10.6600000000035;7.06399999999849;75.3319999999949;21.601999999999
946;17.2559999999939;10.5470000000059;159.763999999996;47.1520000000019
446;12.0120000000024;8.42399999999907;92.3849999999948;27.8629999999976
697;16.7880000000005;12.1359999999986;148.813999999998;46.0019999999931
611;15.4400000000023;10.5020000000077;122.701000000001;41.4839999999967
779;15.4560000000056;9.56699999999546;130.91399999999;38.1070000000036
689;14.752999999997;10.0299999999988;113.292000000001;33.0390000000043
638;14.6689999999944;9.72999999999593;106.369999999995;31.4170000000013
581;12.3240000000078;9.1530000000057;95.976999999999;29.7960000000021
744;13.8340000000026;9.33100000000559;123.652000000002;35.2489999999962
211;7.04400000000896;4.875;34.601999999999;9.98399999999674
299;7.43300000000454;5.62799999999697;51.8239999999932;15.0460000000021
513;10.8669999999984;7.34299999999348;83.2419999999984;23.4149999999936
127;4.63800000000629;4.56200000000536;20.0580000000045;6.04899999999907
681;14.0320000000065;9.60000000000582;114.608000000007;32.4199999999983
14;2.17299999999523;2.0570000000007;2.24100000000908;0.679999999993015
208;6.47499999999127;5.05400000000373;33.3969999999972;9.83800000000338
607;12.5939999999973;8.67600000000675;100.237999999998;29.2329999999929
297;7.30999999999767;6.09499999998661;50.8629999999976;14.4720000000088
628;12.9840000000113;8.0060000000085;106.004000000001;30.7209999999905
293;8.23700000000827;5.86199999999371;51.747000000003;13.9660000000003
572;14.8650000000052;10.1760000000068;95.5890000000072;29.2069999999949
933;16.4609999999957;10.9709999999905;154.994999999995;46.9199999999983
440;9.71099999999569;6.6929999999993;72.5120000000024;21.2090000000026
650;13.7279999999882;8.19600000001083;107.894;32.830999999991
320;7.8119999999908;5.90499999999884;51.5979999999981;14.2459999999992
864;17.1040000000066;11.0059999999939;143.654999999999;44.7430000000022
266;6.71799999999348;6.16599999999744;44.2820000000065;14.025999999998
726;13.6100000000006;9.54200000000128;120.680000000008;35.351999999999
282;7.44800000000396;6.54800000000978;47.474000000002;13.3950000000041
741;13.6910000000062;9.38300000000163;125.985000000001;37.5599999999977
485;10.5020000000077;7.03899999998976;85.0770000000048;23.7520000000077
305;7.87299999999232;6.54899999999907;50.4650000000111;15.8280000000086
639;13.1239999999962;8.8179999999993;106.623999999996;31.1379999999917
427;10.8410000000003;8.11099999998987;69.6879999999946;20.8819999999978
449;10.247000000003;7.24599999999919;79.0099999999948;22.2399999999907
748;14.9330000000045;9.97999999999593;129.371999999988;39.4949999999953
500;12.2399999999907;8.6079999999929;90.8329999999987;25.2810000000027
180;6.60099999999511;4.75199999999313;30.9750000000058;8.23800000001211
343;13.0029999999997;8.66000000000031;58.7399999999998;19.0030000000002
592;14.4290000000001;10.6080000000002;100.661;31.5409999999997
103;6.08500000000004;4.3760000000002;17.0709999999999;5.58400000000029
350;10.232;7.56099999999969;59.7850000000003;17.2889999999998
320;10.3580000000002;6.74800000000005;55.2950000000001;17.8240000000001
910;18.3780000000002;13.7149999999997;162.666;47.4970000000003
232;8.65099999999984;7.01800000000003;39.3360000000002;12.232
904;18.221;14.1650000000004;160.702;50.6379999999999
505;12.7089999999998;9.30999999999995;90.1129999999998;26.1820000000002
229;8.88400000000001;6.75599999999986;38.7449999999999;12.145
261;10.0240000000003;7.54500000000007;44.1610000000001;14.0479999999998
167;7.59000000000015;6.36400000000003;28.4470000000001;8.70499999999993
865;21.0969999999998;14.288;153.482;47.4540000000002
280;10.1130000000003;8.15700000000015;47.3779999999997;15.5439999999999
357;11.8829999999998;8.63300000000072;65.3599999999997;19.3360000000002
914;19.652;14.6000000000004;158.915;48.4690000000001
384;12.0459999999994;10.317;65.8310000000001;20.6869999999999
704;17.5529999999999;12.4200000000001;122.392;38.0529999999999
554;15.009;11.8990000000003;106.652;33.107
897;21.2389999999996;13.4049999999997;156.373;46.701
627;19.6369999999997;11.7460000000001;107.983;34.9250000000002
260;10.1050000000005;9.48499999999967;46.0349999999999;14.2480000000005
360;12.0789999999997;9.30500000000029;60.7709999999997;18.3890000000001
309;10.2539999999999;7.46600000000035;52.8639999999996;17.0910000000003
534;15.6790000000001;12.0129999999999;94.6330000000007;28.3589999999995
626;17.6819999999998;11.46;110.04;33.6419999999998
330;10.9780000000001;9.1220000000003;57.5840000000007;18.1319999999996
982;21.1700000000001;13.9200000000001;170.681;53.8230000000003
72;5.26299999999992;4.87899999999991;11.8510000000006;3.73899999999958
245;9.6840000000002;8.16499999999996;43.2959999999994;13.3720000000003
114;6.90700000000015;5.13199999999961;19.4669999999996;5.66299999999956
465;14.0409999999993;9.48599999999988;82.6850000000004;23.5830000000005
399;11.9410000000007;9.49799999999959;68.0070000000005;21.9940000000006
697;18.2730000000001;13.2960000000003;122.944;36.8380000000006
764;19.6310000000003;12.6170000000002;134.705;40.5559999999996
861;22.183;14.7889999999998;149.456;43.7920000000004
955;20.7559999999994;13.8549999999996;167.392000000001;54.5590000000002
194;8.15999999999985;7.14700000000084;35.5280000000002;10.3009999999995
516;14.7099999999991;10.0490000000009;91.3809999999994;27.2690000000002
28;4.0109999999986;3.97899999999936;4.88700000000063;1.48199999999997
226;8.83699999999953;6.85900000000038;34.4830000000002;11.4449999999997
39;3.11199999999917;3.00299999999879;5.89400000000023;2.05400000000009
214;6.62200000000121;5.84000000000015;32.8400000000001;9.4989999999998
629;13.7439999999988;10.1179999999986;94.5499999999993;27.4050000000007
294;8.74799999999959;6.60699999999997;43.223;13.8690000000006
425;11.0780000000013;7.13900000000103;64.6059999999998;20.0580000000009
467;11.0239999999994;8.90200000000004;69.4429999999993;21.0939999999991
575;11.902;8.99799999999959;85.4619999999995;27.259
597;12.7019999999993;8.628999999999;91.3860000000004;28.0379999999986
80;4.48099999999977;3.70399999999972;11.1149999999998;3.39300000000003
389;9.58100000000013;7.59000000000015;60.4959999999992;17.5820000000003
917;17.5529999999999;11.8650000000016;139.558000000001;41.241
17;2.70000000000073;2.41999999999825;2.67499999999927;1.01100000000042
678;14.1530000000002;9.8119999999999;103.354000000001;30.9959999999992
548;12.1530000000002;8.22999999999956;82.3850000000002;24.9419999999991
662;13.8359999999993;9.64699999999903;98.1020000000008;30.7030000000013
327;8.96099999999933;6.51999999999862;52.9229999999989;15.9099999999999
36;4.32600000000093;4.11899999999878;5.95399999999972;1.96299999999974
151;8.01200000000063;6.99799999999959;25.273000000001;7.80799999999908
158;7.78700000000026;5.95700000000033;26.7819999999992;8.43900000000031
942;21.3670000000002;13.9969999999994;165.819;49.8760000000002
16;3.19599999999991;3.24799999999959;2.6200000000008;1.17100000000028
431;11.7659999999996;8.91500000000087;74.5839999999989;22.2270000000008
383;13.8389999999999;9.61499999999978;65.6380000000008;19.6650000000009
609;17.9050000000007;11.378999999999;107.76;32.8419999999987
444;13.7920000000013;9.09399999999914;75.362000000001;21.9030000000002
562;14.7330000000002;10.4439999999995;99.6939999999995;31.1149999999998
91;5.71900000000096;5.79100000000108;15.1739999999991;5.00400000000081
734;19.0439999999999;13.9140000000007;127.579;36.9750000000004
150;8.39199999999983;6.14300000000003;25.4110000000001;7.6880000000001
468;13.4009999999998;9.21500000000015;78.1849999999995;24.991
602;14.9740000000002;11.4669999999987;101.319;29.869999999999
149;7.54900000000089;6.40500000000065;24.0290000000005;7.33899999999994
261;9.75699999999961;7.58100000000013;42.9660000000003;13.6659999999993
805;17.628999999999;13.9040000000005;138.671;44.3050000000003
476;13.9030000000002;11.5749999999989;80.7880000000005;24.375
835;15.018;11.3940000000002;125.4;38.777
652;13.6569999999992;9.45999999999913;99.4899999999998;30.2340000000004
205;6.5679999999993;4.78299999999945;29.5600000000013;9.253999999999
578;11.9639999999999;8.14500000000044;85.0570000000007;24.6180000000004
132;5.21299999999974;4.43599999999969;18.6239999999998;6.20599999999831
348;8.94599999999991;6.30899999999929;49.2479999999996;15.9560000000001
726;14.2000000000007;9.02100000000064;109.771000000001;32.8100000000013
645;13.8359999999993;9.57200000000012;98.9709999999995;29.634
623;14.6319999999996;7.83899999999994;90.7240000000002;26.9099999999999
302;9.06500000000051;5.64400000000023;44.2800000000007;15.4899999999998
759;14.2049999999999;9.5109999999986;110.402;33.130000000001
642;12.9500000000007;8.28300000000127;95.2870000000003;28.1039999999994
243;6.83400000000074;6.20499999999993;37.8960000000006;11.0099999999984
667;12.3739999999998;9.45899999999892;99.0419999999995;32.7759999999998
107;4.69499999999971;3.92100000000028;16.5450000000001;5.13800000000083
46;3.55299999999988;2.8799999999992;6.92200000000048;2.33699999999953
116;4.72699999999895;4.0570000000007;16.5809999999983;5.15300000000025
104;4.54399999999987;4.29199999999946;15.1589999999997;4.87700000000041
846;15.7650000000012;11.3760000000002;128.158000000001;37.3889999999992
687;14.1080000000002;8.96900000000096;103.978000000001;31.9650000000001
930;17.3759999999984;11;142.076999999999;42.0110000000004
142;5.48499999999876;4.82799999999952;23.2129999999997;7.33200000000033
932;19.4549999999999;12.0550000000003;139.239;42.121000000001
751;14.4709999999995;9.96299999999974;115.138999999999;32.5290000000005
6;1.53399999999965;1.29300000000148;0.793999999999869;0.272999999999229
275;7.63999999999942;5.73099999999977;41.1230000000014;12.741
534;13.5520000000015;7.95499999999993;84.2109999999993;25.2029999999995
686;13.6809999999987;9.71799999999894;117.447999999999;35.371000000001
24;3.03200000000106;2.90500000000065;3.71199999999953;1.20499999999993
516;12.2819999999992;9.51100000000224;89.887999999999;25.2820000000029
150;6.32700000000114;5.50200000000041;24.273000000001;7.34899999999834
821;19.9160000000011;13.2489999999998;140.395;42.4230000000025
598;14.8729999999996;10.8430000000008;98.5169999999998;29.1419999999998
783;18.393;12.625;129.080999999998;39.2669999999998
581;14.7339999999967;9.37299999999959;96.8169999999991;29.0480000000025
621;15.3619999999974;10.2119999999995;102.982;31.9469999999965
856;20.0900000000001;12.5600000000013;143.305;43.9230000000025
780;17.4410000000025;12.8410000000003;131.685000000001;40.7779999999984
3;1.78199999999924;1.81899999999951;0.494999999998981;0.25
233;8.35800000000017;6.48600000000079;37.8580000000002;12.0879999999997
546;15.2639999999992;10.9950000000026;90.1140000000014;26.9670000000006
743;17.0809999999983;11.8240000000005;123.367999999999;40.344000000001
681;17.1539999999986;11.3659999999982;116.613000000001;33.7129999999997
56;4.6919999999991;3.9989999999998;8.40700000000288;2.61999999999898
431;12.4830000000002;9.09599999999773;73.5809999999983;21.7220000000016
429;12.8460000000014;9.0679999999993;71.893;22.1690000000017
139;6.18999999999869;5.60800000000017;22.7429999999986;6.93199999999706
665;15.148000000001;10.9719999999979;111.338;32.625
244;8.10399999999936;6.53499999999985;41.1030000000028;12.9459999999999
342;10.2559999999976;8.02500000000146;54.9809999999998;17.530999999999
143;6.46000000000276;6.54000000000087;23.3109999999979;7.42699999999968
835;18.4350000000013;11.8799999999974;140.672999999999;43.2299999999996
350;10.5770000000011;7.59200000000055;50.8789999999972;17.586000000003
665;15.0709999999999;9.80099999999948;108.628000000001;30.1680000000015
841;17.9529999999977;11.8149999999987;142.52;43.0519999999997
831;19.127999999997;12.6800000000003;140.57;43.5
117;6.59400000000096;5.3760000000002;20.0619999999981;6.22499999999854
915;22.1889999999985;13.3549999999996;157.261000000002;46.655999999999
291;9.72200000000157;7.36200000000099;46.0120000000024;13.3260000000009
166;7.42000000000189;6.30400000000009;26.5540000000001;8.7609999999986
484;12.6959999999999;9.56399999999849;79.0159999999996;24.2970000000023
390;10.9110000000001;7.72200000000157;63.0410000000011;19.2469999999994
201;8.02799999999843;7.34700000000157;33.4050000000025;9.52600000000166
434;11.4959999999992;8.15899999999965;69.7880000000005;21.6670000000013
441;13.0239999999976;8.74400000000242;73.893;22.8339999999989
116;5.95999999999913;5.4519999999975;19.1289999999972;6.11399999999776
358;12.3369999999995;8.20600000000195;59.3179999999993;18.7340000000004
375;11.1409999999996;8.89999999999782;63.8669999999984;18.6540000000023
945;21.3370000000032;13.9619999999995;156.141;47.492000000002
14;3.19900000000052;2.32099999999991;2.10499999999956;0.74199999999837
249;8.57700000000114;6.8739999999998;40.3179999999993;13.7229999999981
638;16.7350000000006;12.005000000001;103.57;32.2510000000002
234;8.2019999999975;7.12000000000262;37.7299999999996;11.4840000000004
757;16.4190000000017;11.1939999999995;135.327000000001;38.9110000000001
880;19.0579999999973;13.5310000000027;147.82;44.2489999999998
283;9.64300000000003;6.82400000000052;46.7129999999997;14.3319999999985
233;8.73300000000017;7.5010000000002;37.1810000000005;11.8610000000008
821;18.1299999999974;13.3860000000022;133.945;39.3110000000015
832;18.8919999999998;11.7030000000013;138.646999999997;42.9409999999989
720;17.0350000000035;10.9809999999998;124.725999999999;36.6879999999983
775;18.7099999999991;12.6830000000009;132.029999999999;39.3109999999979
371;12.0509999999995;8.62800000000061;62.2179999999971;18.6749999999993
164;7.22000000000116;5.98899999999776;26.4359999999979;7.97099999999773
187;7.78499999999985;7.20100000000093;30.0119999999988;9.2390000000014
950;20.0709999999999;14.7669999999998;162.299999999999;47.7020000000011
280;9.20500000000175;7.3739999999998;47.1169999999984;13.625
710;16.6259999999966;11.8919999999998;120.728000000003;36.0149999999994
777;18.6980000000003;12.2409999999982;133.481;41.2139999999999
263;9.91100000000006;7.4890000000014;43.9340000000011;13.1729999999989
368;12.1269999999968;9.21500000000015;63.2800000000025;18.895999999997
298;10.6720000000023;9.80400000000009;50.1049999999996;16.0429999999978
838;18.6209999999992;14.0930000000008;138.787;42.2099999999991
753;17.4069999999992;12.2270000000026;128.364000000001;39.5790000000015
870;18.6179999999986;12.6130000000012;145.676000000003;43.8250000000007
131;7.33699999999953;6.2019999999975;22.8559999999998;7.14400000000023
134;6.55400000000009;5.65700000000288;20.7900000000009;6.4320000000007
145;6.79799999999886;5.37900000000081;22.0540000000001;6.84200000000055
883;19.3149999999987;12.6239999999998;145.18;43.594000000001
286;9.44800000000032;7.09100000000035;48.4759999999987;13.6729999999989
252;9.1820000000007;7.07200000000012;40.6759999999995;11.643
775;18.2170000000006;12.0580000000009;133.335999999999;38.0639999999985
989;21.9639999999999;13.4330000000009;167.899000000001;49.9409999999989
685;16.8339999999989;10.6710000000021;115.667999999998;34.4049999999988
659;15.8040000000001;11.9189999999981;110.663;34.9140000000007
217;7.96300000000338;6.49699999999939;34.6189999999988;11.0329999999994
640;15.3979999999974;10.8430000000008;101.518;33.344000000001
896;16.8279999999977;12.3940000000002;134.553;40.5099999999984
482;10.7150000000001;7.3080000000009;75.7839999999997;21.5390000000007
156;5.47600000000239;4.18800000000192;25.6159999999982;6.6160000000018
290;7.18000000000029;5.38899999999921;41.8999999999978;12.8230000000003
24;2.39500000000044;2.90399999999863;3.10699999999997;0.988999999997759
690;14.0110000000022;9.42099999999846;100.559000000001;29.2780000000021
914;19.6059999999998;11.5410000000011;135.805;40.2819999999992
9;1.7970000000023;1.76800000000003;1.12800000000061;0.443000000002939
995;17.9909999999982;13.0550000000003;150.083999999999;43.5889999999999
931;17.5200000000004;11.5540000000001;142.195;43.2919999999976
593;11.1589999999997;8.93699999999808;92.2659999999996;27.8539999999994
595;11.367000000002;9.74500000000262;92.7669999999998;27.0090000000018
157;5.43999999999869;4.270999999997;23.1310000000012;7.10900000000038
266;7.69900000000052;5.57099999999991;40.5709999999999;12.0040000000008
992;18.6610000000001;11.0629999999983;149.019;45.3060000000005
30;2.65000000000146;2.61000000000058;4.4230000000025;1.73099999999977
419;11.1690000000017;7.40899999999965;60.9320000000007;19.2069999999985
293;6.87299999999959;5.8169999999991;43.1290000000008;14.4269999999997
331;8.96199999999953;7.3839999999982;51.5469999999987;14.982
619;11.5970000000016;7.56299999999828;92.869999999999;26.6460000000006
118;4.89099999999962;3.98800000000119;16.8919999999998;5.02200000000084
526;10.6850000000013;8.42699999999968;79.2840000000033;23.7209999999977
248;6.7019999999975;5.17199999999866;38.3689999999988;11.1970000000001
936;16.9170000000013;11.0420000000013;140.873000000003;43.9240000000027
42;2.96800000000076;3.13799999999901;5.65299999999843;1.91400000000067
918;17.2819999999992;11.0679999999993;137.188999999998;39.3760000000002
510;10.5830000000024;8.63000000000102;76.8559999999998;21.8840000000018
807;15.4120000000003;10.9189999999981;120.589;34.2819999999992
380;8.82300000000032;6.04999999999927;60.4380000000019;17.1090000000004
511;10.5589999999975;7.4989999999998;77.8189999999995;22.6970000000001
69;3.62300000000323;3.59900000000198;10.1049999999996;3.28600000000006
320;8.09200000000055;5.6929999999993;49.2410000000018;14.2409999999982
570;12.1679999999978;8.11499999999796;88.127999999997;25.4910000000018
374;9.10599999999977;7.25900000000183;56.3719999999994;17.880000000001
402;9.77200000000084;6.52800000000207;60.2340000000004;17.8149999999987
221;6.62700000000041;5.26599999999962;33.6270000000004;10.0960000000014
950;17.0329999999994;12.5210000000006;145.399999999998;42.3449999999975
168;5.40299999999843;4.44800000000032;25.5010000000002;8.26900000000023
801;15.2259999999987;10.1839999999975;126.599000000002;37.2999999999993
511;13.0440000000017;9.49799999999959;79.1679999999978;24.0390000000007
424;9.9519999999975;7.74000000000524;65.3369999999995;19.5020000000004
185;6.12299999999959;4.86299999999756;27.7770000000019;8.66500000000087
216;7.20300000000134;4.46600000000035;32.2379999999976;9.60100000000239
130;4.98399999999674;4.73099999999977;19.601999999999;6.0570000000007
42;3.27300000000105;2.97700000000623;6.36200000000099;2.39899999999761
636;12.4630000000034;9.19900000000052;96.6399999999994;31.4949999999953
340;7.9120000000039;6.71199999999953;51.7189999999973;16.1059999999998
310;7.71600000000035;5.88899999999558;46.8919999999998;14.0910000000003
980;17.275999999998;11.637999999999;150.076999999997;43.9860000000044
687;14.9460000000036;9.64199999999983;103.796000000002;30.9360000000015
149;5.56700000000274;4.60199999999895;23.224000000002;6.97899999999936
630;12.5590000000011;8.62800000000425;94.8220000000001;27.6030000000028
675;13.8680000000022;9.9030000000057;104.712;29.3379999999961
831;15.8469999999943;10.9379999999946;127.582000000002;36.0709999999963
306;8.21500000000378;5.95700000000215;46.6610000000001;13.5449999999983
116;4.33600000000297;3.99700000000303;16.9919999999984;5.08299999999872
176;5.70500000000175;4.5679999999993;27.1470000000045;8.22599999999511
168;5.63699999999517;4.34000000000378;25.4020000000019;8.71399999999994
800;14.9330000000045;9.18299999999726;125.191999999995;35.5859999999957
686;13.4830000000002;10.1460000000006;104.493000000002;31.1800000000003
722;13.5060000000012;9.68000000000029;109.152000000002;32.9379999999946
655;12.4429999999993;8.94599999999627;99.9219999999987;28.7490000000034
623;12.012999999999;8.95200000000477;93.0109999999986;27.5069999999978
219;7.38100000000122;5.74500000000262;33.0069999999978;11.9259999999995
91;4.74899999999616;3.59100000000035;12.9190000000017;5.43699999999808
477;10.6270000000004;8.29400000000169;73.3040000000037;20.2830000000031
309;7.76199999999517;6.15000000000146;48.0080000000016;14.3309999999983
79;4.88100000000122;3.87399999999616;13.5299999999988;4.20700000000215
762;14.1179999999949;10.2060000000056;115.830000000002;34.3099999999977
261;7.43900000000576;5.5280000000057;37.609000000004;11.0680000000066
934;16.5639999999985;11.25;140.781999999999;40.8570000000036
688;13.3039999999964;8.62599999999657;103.756999999998;29.3029999999999
216;6.49900000000343;6.1359999999986;33.2810000000027;9.53300000000309
200;5.84399999999732;5.14900000000489;28.4219999999987;9.26500000000669
150;4.85899999999674;3.76499999999942;21.5319999999992;6.75800000000163
624;12.6560000000027;9.47099999999773;93.3400000000038;28.9599999999991
298;8.27399999999761;5.7609999999986;42.9909999999945;13.0789999999979
162;5.51400000000285;4.82600000000093;22.7589999999982;7.23300000000017
511;10.8559999999998;7.49500000000262;78.8439999999973;22.958000000006
797;15.6849999999977;10.0480000000025;118.072;34.3530000000028
880;16.6889999999985;11.0849999999991;133.514999999999;38.4160000000047
489;11.1610000000001;8.01800000000367;76.7330000000002;23.9629999999961
713;14.6449999999968;9.26199999999517;115.343999999997;31.0979999999981
828;16.762999999999;10.1580000000031;126.788;36
13;2.23899999999412;1.90299999999843;1.86999999999534;0.793999999994412
400;9.13999999999942;6.42900000000373;60.6610000000001;16.6779999999999
104;4.65699999999924;3.82800000000134;14.849000000002;4.59599999999773
794;14.4320000000007;9.60700000000361;125.846000000005;36.3680000000022
393;9.46699999999691;6.90000000000146;64.5420000000013;16.4340000000011
728;14.4020000000019;9.2410000000018;114.271000000001;32.3589999999967
513;12.3410000000003;8.05299999999988;79.0260000000053;23.1820000000007
875;15.9020000000019;10.0190000000002;137.380999999994;41.5869999999995
277;7.02300000000105;5.86099999999715;43.2050000000017;12.3150000000023
500;10.2810000000027;7.31700000000274;76.9369999999981;22.5020000000004
805;15.6800000000003;10.7580000000016;123.313000000002;36.359000000004
260;7.59500000000116;5.33100000000559;39.6880000000019;12.1859999999942
629;13.1340000000055;8.6510000000053;96.6030000000028;27.7609999999986
943;17.4150000000009;11.4040000000023;144.550999999999;42.1030000000028
645;12.7969999999987;9.76299999999901;99.1869999999981;29.5790000000052
163;5.83299999999872;4.93099999999686;24.5400000000009;7.88799999999901
320;8.42500000000291;6.45300000000134;47.8050000000003;13.7620000000024
814;16.3760000000038;9.79900000000634;130.978000000003;38.788999999997
235;6.86099999999715;6.54099999999744;34.7030000000013;11.1449999999968
84;4.5850000000064;3.66500000000087;13.2850000000035;3.69800000000396
979;16.4650000000038;10.7280000000028;161.163999999997;44.0299999999988
916;15.8989999999976;10.9279999999999;145.019;42.948000000004
247;6.77300000000105;5.19800000000396;38.1579999999958;10.9929999999949
51;2.88499999999476;3.02500000000146;6.92899999999645;2.60599999999977
680;15.2940000000017;9.08699999999953;107.200999999994;33.3209999999963
897;16.1579999999958;10.1759999999995;138.347999999998;38.9939999999988
408;9.08499999999913;7.03899999999703;61.8960000000006;19.278999999995
735;13.9930000000022;9.5570000000007;113.440999999999;33.5380000000005
464;9.99300000000221;7.18499999999767;75.6199999999953;21.5099999999948
516;10.6000000000058;8.37899999999354;80.1229999999996;22.3480000000054
27;2.52100000000064;2.41400000000431;3.92900000000373;1.30599999999686
360;9.31999999999971;6.30099999999948;56.7419999999984;18.0659999999989
139;5.23899999999412;4.65099999999802;22.2249999999985;6.47100000000501
505;11.0099999999948;6.8269999999975;76.5829999999987;20.6080000000002
501;10.9799999999959;7.51000000000204;79.4110000000001;23.2860000000001
894;17.364999999998;10.4190000000017;139.521999999997;39.8770000000004
370;9.27199999999721;7.0260000000053;57.2799999999988;16.8220000000001
66;4.14600000000064;3.30699999999342;10.0749999999971;2.90799999999581
249;7.19499999999971;6.51200000000244;39.4030000000057;11.4209999999948
237;7.51400000000285;5.19899999999325;35.8170000000027;10.9309999999969
611;11.9559999999983;8.34500000000116;98.140999999996;26.3359999999957
313;8.00600000000122;6.20899999999529;50.073000000004;14.4760000000024
28;2.72699999999895;2.39400000000023;3.85700000000361;1.2390000000014
671;12.7249999999985;9.5940000000046;101.350000000006;30.2640000000029
142;5.96099999999569;3.875;23.0630000000019;6.30399999999645
918;17.9319999999934;11.4700000000012;140.478999999999;40.252999999997
279;7.70300000000134;6.18499999999767;45.0449999999983;12.8810000000012
516;10.1349999999948;7.1359999999986;78.0790000000052;23.3039999999964
705;13.349000000002;10.2680000000037;107.778999999995;30.3430000000008
10;1.89899999999761;1.58599999999569;1.73399999999674;0.7129999999961
884;15.4080000000031;10.5299999999988;138.019999999997;39.0930000000008
90;4.14199999999983;3.11800000000221;15.3629999999976;4.0769999999975
161;5.80199999999604;5.09900000000198;25.1549999999988;6.75200000000041
222;6.86599999999453;5.57200000000012;32.5060000000012;10.9660000000003
418;10.4249999999956;6.73500000000058;65.0649999999951;18.2739999999976
382;9.24000000000524;6.66799999999785;58.4309999999969;17.0370000000039
420;9.55799999999726;6.53699999999662;67.2569999999978;21.3770000000004
844;17.6390000000029;11.398000000001;128.663999999997;37.5219999999972
716;13.8609999999971;10.2430000000022;113.930999999997;34.8640000000014
149;5.42399999999907;4.70000000000437;24.8339999999953;6.89500000000407
253;7.02399999999761;5.03199999999924;38.2639999999956;11.3229999999967
85;4.38799999999901;3.41700000000128;13.8889999999956;4.71300000000338
644;13.5789999999979;9.32400000000052;100.565000000002;28.5800000000017
823;15.5260000000053;9.95500000000175;132.981999999996;39.6449999999968
745;14.4320000000007;10.2459999999992;131.198000000004;35.349000000002
570;13.0789999999979;9.91900000000169;98.2010000000009;28.8940000000002
88;4.52500000000146;3.95900000000256;13.3139999999985;4.04799999999523
933;16.4530000000013;10.5750000000044;141.598000000005;42.9470000000001
214;6.56999999999971;6.01800000000367;31.7639999999956;9.77199999999721
719;13.3589999999967;8.98899999999412;107.095999999998;30.8969999999972
97;5.13900000000285;3.67499999999563;13.4089999999997;4.83299999999872
19;2.27900000000227;2.40299999999843;3.28699999999662;1.3839999999982
642;13.4240000000063;8.31199999999808;100.570000000007;32.226999999999
572;11.8399999999965;8.18500000000495;89.8199999999997;26.3609999999971
228;7.04799999999523;5.24099999999453;35.4850000000006;10.3439999999973
963;17.1129999999976;11.4599999999991;145.656999999999;43.8190000000031
825;14.9119999999966;10.0340000000069;124.273000000001;37.8610000000044
638;12.6860000000015;8.42999999999302;96.2830000000031;28.6189999999988
741;13.9130000000005;9.39600000000064;115.209000000003;35.1460000000006
353;8.22099999999773;6.61000000000058;53.8960000000006;16.1770000000033
190;6.88199999999779;5.77700000000186;30.0789999999979;9.17099999999482
595;12.4619999999995;9.22600000000239;87.801999999996;26.0440000000017
511;10.6770000000033;8.10299999999552;76.5630000000019;22.8340000000026
480;10.5360000000001;7.96399999999994;74.9709999999977;22.5840000000026
137;5.00800000000163;4.4149999999936;20.346000000005;6.23099999999977
744;15.9289999999964;10.3810000000012;120.459000000003;36.3629999999976
655;13.586000000003;9.0199999999968;101.284999999996;30.6869999999981
285;8.59500000000116;6.10199999999895;41.7640000000029;12.7429999999949
943;16.8510000000024;11.1209999999992;141.100999999995;41.7079999999987
972;18.2309999999998;12.4320000000007;147.187000000005;44.528999999995
327;8.06300000000192;6.41300000000047;49.8009999999995;14.2960000000021
529;10.7069999999949;8.03300000000309;80.9729999999981;22.5469999999987
765;14.5040000000008;9.15099999999802;117.339;34.336000000003
574;12.3009999999995;7.90499999999884;88.887999999999;26.198000000004
437;9.74399999999878;7.01100000000588;65.2900000000009;19.5040000000008
98;4.5109999999986;3.91399999999703;14.5940000000046;4.62399999999616
6;1.51900000000023;1.36100000000442;0.978000000002794;0.389999999999418
846;16.0049999999974;10.1889999999985;129.006000000001;36.4079999999958
878;16.0900000000038;11.262999999999;137.640999999996;39.3410000000003
144;5.64799999999377;4.21700000000419;20.8479999999981;5.68899999999849
80;3.98999999999796;3.69200000000274;11.4380000000019;3.87600000000384
647;12.8450000000012;7.98099999999977;99.224000000002;29.8569999999963
74;4.02799999999843;3.87000000000262;10.5539999999964;3.45300000000134
895;17.0809999999983;10.6949999999997;135.544999999998;40.8129999999946
182;5.98999999999796;4.90099999999802;27.3640000000014;9.10800000000017
882;16.5169999999998;10.622000000003;131.889999999999;39.5970000000016
535;11.4290000000037;7.5769999999975;81.4060000000027;23.5200000000041
735;14.721000000005;8.80000000000291;110.453000000001;32.1640000000043
208;5.84799999999814;4.62299999999959;29.6529999999984;8.76200000000244
318;7.73099999999977;6.42399999999907;48.8170000000027;14.5469999999987
366;9.39400000000023;6.21800000000076;54.2389999999941;16.1820000000007
645;14.2860000000001;8.5789999999979;97.1330000000016;30.4830000000002
453;10.0020000000004;6.86000000000058;68.3009999999995;20.1540000000023
12;2.05600000000413;1.93700000000536;1.79100000000471;0.71200000000681
572;11.6680000000051;8.05000000000291;84.2790000000023;27.2030000000013
917;16.5350000000035;10.599000000002;137.938000000002;42.2719999999972
209;6.11200000000099;4.62000000000262;31.6500000000015;9.26800000000367
444;9.71699999999691;6.93300000000454;68.0580000000045;19.0829999999987
972;16.9910000000018;11.8430000000008;149.622000000003;42.9060000000027
45;2.78500000000349;2.55299999999988;6.69099999999889;2.05299999999988
384;9.84000000000378;7.2410000000018;59.0299999999988;16.8199999999997
896;16.3790000000008;11.0469999999987;143.342999999993;38.9609999999957
671;13.6169999999984;9.24500000000262;105.746999999996;29.6599999999962
939;16.9120000000039;11.1160000000018;145.148999999998;43.2569999999978
734;14.3420000000042;9.03600000000006;115.012999999999;31.9219999999987
830;14.9859999999971;9.94499999999971;130.272000000004;36.8179999999993
644;13.8189999999959;8.75999999999476;101.811000000002;31.8499999999985
918;15.2860000000001;11.3329999999987;140.618999999999;40.903999999995
984;17.448000000004;11.3130000000019;151.610000000001;46.9789999999994
80;3.89199999999983;3.8640000000014;11.8039999999964;3.72699999999895
445;9.61100000000442;6.95900000000256;69.6330000000016;19.6389999999956
752;14.25;9.59100000000035;119.716999999997;36.4429999999993
493;10.3510000000024;6.9320000000007;74.5219999999972;21.9720000000016
946;18.2380000000048;11.7419999999984;151.229999999996;42.5800000000017
475;10.3400000000038;7.49199999999837;76.4890000000014;21.2229999999981
793;14.4099999999962;10.8099999999977;124.546000000002;37.3459999999977
179;6.10699999999633;5.03300000000309;28.7230000000054;8.29499999999825
510;10.7900000000009;7.74799999999959;76.2439999999988;21.9839999999967
148;5.66900000000169;4.32100000000355;22.9700000000012;7.68600000000151
200;6.86999999999534;5.98700000000099;31.3729999999996;8.90299999999843
609;12.4789999999994;9.65699999999924;95.096000000005;27.372000000003
710;13.9219999999987;9.75400000000081;111.987000000001;32.1349999999948
570;11.3650000000052;7.85399999999936;88.2900000000009;24.8500000000058
752;15.0849999999991;9.26100000000588;115.086000000003;33.9060000000027
918;17.9460000000036;10.747000000003;142.097999999998;42.9700000000012
827;15.2410000000018;10.0610000000015;130.144;38.8249999999971
446;10.9700000000012;8.12799999999697;68.4089999999997;20.6209999999992
224;6.94200000000274;5.00100000000384;33.9979999999996;9.72600000000239
912;15.7309999999998;10.9800000000032;143.517;42.6440000000002
683;13.3250000000044;9.02700000000186;104.010999999999;31.8960000000006
461;9.77299999999377;6.88200000000506;71.1330000000016;20.9110000000001
49;3.01699999999983;3.15899999999965;7.05799999999726;2.38299999999435
968;18.4730000000054;11.6800000000003;153.589999999997;45.8689999999988
441;9.84300000000076;7.10800000000017;67.823000000004;21.0469999999987
194;6.50300000000425;4.87199999999575;30.8450000000012;9.33499999999913
958;16.6510000000053;11.2279999999955;154.251000000004;43.7360000000044
526;12.2119999999995;8.18499999999767;83.9590000000026;23.7750000000015
990;19.1690000000017;11.9409999999989;153.358999999997;48.0639999999985
737;14.2850000000035;9.17399999999907;114.095000000001;33.8260000000009
63;3.40499999999884;2.83200000000215;9.58899999999994;2.88300000000163
451;10.1749999999956;8.34700000000157;70.6930000000066;20.5500000000029
423;10.849000000002;7.38199999999779;67.6610000000001;19.1689999999944
360;8.50500000000466;6.92200000000594;55.9130000000005;18.0639999999985
809;14.9789999999994;10.3130000000019;126.277000000002;36.5670000000027
273;7.28800000000047;5.32200000000012;42.650999999998;12.9780000000028
151;5.07400000000052;4.4010000000053;24.3419999999969;6.94799999999668
9;1.7219999999943;1.82999999999447;1.27299999999377;0.532000000006519
320;7.77700000000186;5.76199999999517;49.0919999999969;15.5480000000025
435;9.57600000000093;7.50299999999697;69.4070000000065;19.9669999999969
797;15.8180000000066;9.63999999999942;129.385999999999;37.8870000000024
431;10.1429999999964;6.92799999999988;67.7319999999963;19.1650000000009
979;16.650999999998;11.2520000000004;153.044999999998;45.6970000000001
225;6.87399999999616;5.13900000000285;35.3640000000014;11.0940000000046
592;12.5839999999953;8.07599999999366;91.3660000000018;26.2590000000055
676;13.2020000000048;9.3379999999961;107.413;31.2729999999938
825;14.637999999999;9.87600000000384;131.468000000001;37.9060000000027
740;13.7119999999995;9.31599999999889;115.347000000002;34.635000000002
184;6.666999999994;4.93800000000192;28.0610000000015;9.18499999999767
34;2.8640000000014;2.86800000000221;4.74199999999837;1.58000000000175
550;12.6080000000002;8.20899999999529;86.2839999999997;25.5280000000057
343;8.3179999999993;6.53899999999703;53.6640000000043;15.7819999999992
127;4.76699999999983;4.33100000000559;18.4320000000007;5.53399999999965
734;14.5380000000005;9.41000000000349;114.094999999994;33.7220000000016
95;4.15799999999581;3.92500000000291;14.5110000000059;4.22200000000157
170;5.73700000000099;4.84599999999773;26.9949999999953;8.10700000000361
240;6.74300000000221;5.31400000000576;35.926999999996;10.3119999999981
649;12.4099999999962;9.31399999999849;103.203000000001;28.7330000000002
5;1.52599999999802;1.40600000000268;0.788000000000466;0.334999999999127
230;7.16799999999785;5.34200000000419;36.6100000000006;10.872000000003
936;15.9380000000019;11.5380000000005;145.697;44.5559999999969
221;6.63199999999779;5.15600000000268;31.8929999999964;9.45999999999913
618;12.3630000000048;8.99500000000262;102.545000000006;27.7690000000002
224;7.18299999999726;4.74399999999878;34.122000000003;10.3300000000017
532;11.0810000000056;7.25200000000041;85.2830000000031;23.3470000000016
923;16.3860000000059;11.3539999999994;145.887999999999;43.3470000000016
949;16.0380000000005;10.6359999999986;148.775999999998;43.8280000000013
639;12.1849999999977;8.28699999999662;98.8960000000006;28.2489999999962
444;9.60100000000239;6.77199999999721;69.9470000000001;20.650999999998
763;14.1860000000015;8.97899999999936;121.392;40.2810000000027
368;9.6160000000018;7.45799999999872;59.012999999999;17.1729999999952
653;13.5790000000052;9.91599999999744;105.610000000001;32.351999999999
921;16.025999999998;10.5509999999995;145.182999999997;44.3840000000055
152;5.27900000000227;4.22699999999895;23.8709999999992;6.73300000000017
589;11.3239999999932;8.84200000000419;91.0320000000065;27.7130000000034
380;8.60000000000582;6.53399999999965;61.2780000000057;17.5910000000003
45;3.1530000000057;2.92500000000291;6.66300000000047;2.14299999999639
6;1.65200000000186;1.46399999999267;0.929000000003725;0.384000000005472
919;15.9539999999979;10.3790000000008;144.243000000002;40.4140000000043
447;9.71400000000722;6.9829999999929;69.4020000000019;21.1469999999972
453;9.77099999999336;7.37600000000384;72.1960000000108;20.3830000000016
540;11.7050000000017;8.14700000001176;83.2520000000077;24.997000000003
145;5;4.72899999999208;22.7350000000006;7.14699999999721
338;8.93099999999686;6.48300000000745;53.6789999999892;15.3240000000078
798;14.4689999999973;9.46999999998661;127.073000000004;37.3249999999971
26;2.75699999999779;2.51399999999558;3.84700000000885;1.28200000000652
314;8.30699999998615;5.76600000000326;49.2580000000016;14.7740000000049
583;12.2820000000065;7.90700000000652;91.6450000000041;26.7039999999979
374;8.77999999999884;6.67900000000373;60.1779999999999;17.0699999999924
5;1.60599999999977;1.46400000000722;0.722999999998137;0.339000000007218
22;2.5740000000078;2.86699999999837;3.52999999999884;1.14500000000407
187;6.22999999999593;5.45899999998801;28.8289999999979;9.01300000000629
353;9.17799999999988;6.55499999999302;55.1680000000051;16.9239999999991
8;1.60699999998906;1.53900000000431;1.10000000000582;0.463999999992666
890;15.5310000000027;9.86699999999837;144.12999999999;40.1840000000084
615;12.2850000000035;8.5049999999901;98.5620000000054;29.3659999999945
219;6.3009999999922;4.55800000000454;33.3629999999976;10.2629999999917
413;9.25;7.33199999999488;66.4679999999935;18.5969999999943
614;12.3589999999967;10.0099999999948;99.9619999999995;29.0040000000008
723;13.8239999999932;8.97299999999814;115.391000000003;33.7050000000017
378;8.89099999998871;6.49800000000687;59.4410000000062;18.8650000000052
631;13.0009999999893;8.52300000000105;100.896000000008;29.0460000000021
384;9.05999999999767;6.63699999998789;60.7649999999994;18.156999999992
815;14.93299999999;10.3630000000121;131.455000000002;38.9260000000068
866;15.9349999999977;10.221000000005;136.904999999999;40.726999999999
878;16.8160000000062;10.5060000000085;137.88900000001;39.6870000000054
267;6.96300000000338;5.36600000000908;39.8959999999934;12.5160000000033
394;9.36599999999453;6.68499999999767;61.7569999999978;18.2140000000072
106;5.17300000000978;3.81299999999464;16.8120000000054;5.06399999999849
742;13.5499999999884;9.09200000000419;117.399999999994;34.9940000000061
979;17.8999999999942;11.9249999999884;156.006999999998;47.278999999995
259;7.52999999999884;5.62800000001153;39.8679999999877;11.9099999999889
538;11.5149999999994;8.00400000000081;85.6750000000029;24.5049999999901
440;9.67900000000373;6.48800000001211;70.2710000000079;19.8680000000022
177;5.99300000000221;4.69400000000314;27.7839999999997;8.40700000000652
687;12.9670000000042;8.69400000000314;108.606;32.0169999999925
511;11.3449999999866;7.16800000000512;82.2550000000047;22.5699999999924
816;15.224000000002;9.79099999999744;131.895000000004;37.9519999999902
559;11.2029999999941;8.43700000000536;90.2050000000017;27.6979999999894
759;13.9239999999991;9.63300000000163;122.029999999999;35.3509999999951
342;8.2609999999986;6.07800000000861;53.5279999999912;15.525999999998
805;15.7539999999863;10.2780000000057;129.252000000008;36.9900000000052
351;9.19000000000233;7.18400000000838;54.0040000000008;15.9159999999974
576;11.9749999999913;8.29499999999825;94.6849999999977;26.7359999999899
796;13.4159999999974;10.2219999999943;127.373000000007;36.781999999992
991;17.1489999999903;11.8469999999943;161.623999999996;46.1589999999997
395;9.26499999999942;7.06299999999464;61.1970000000001;17.551999999996
523;11.9660000000003;7.39500000000407;85.1979999999894;24.7509999999893
65;3.81399999999849;3.64699999999721;10.4130000000005;3.35599999999977
955;17.3479999999981;10.7710000000079;151.828999999998;43.8410000000003
143;5.30899999999383;5.35400000000664;23.3419999999896;7.21300000000338
420;9.54899999999907;7.57200000000012;67.1619999999966;18.5179999999964
386;8.7549999999901;7.52500000000873;64.8649999999907;18.1739999999991
245;6.86000000000058;5.08900000000722;38.9560000000056;11.6359999999986
152;5.39100000000326;4.33699999999953;23.3959999999934;7.25
323;7.66699999998673;6.22200000000885;50.0140000000101;14.2550000000047
183;5.80400000000373;4.49199999999837;28.471000000005;7.81999999999243
234;6.52699999998731;5.2670000000071;36.1789999999892;11.3740000000107
813;14.5610000000015;10.0880000000034;131.633000000002;39.4509999999864
278;7.88300000000163;5.50100000000384;43.9850000000006;12.9250000000029
208;6.61000000000058;5.78600000000733;33.5880000000034;10.6410000000033
779;14.2309999999998;9.88899999999558;126.876999999993;35.726999999999
31;2.70099999998638;3.21399999999267;4.57099999999627;1.46700000000419
489;11.1049999999959;7.21700000000419;78.3699999999953;23.1529999999912
109;4.50300000001153;3.86200000000827;17.1819999999861;5.89800000000105
95;4.48300000000745;3.79799999999523;16.9900000000052;4.46600000000035
362;8.36000000000058;6.73399999999674;61.1800000000076;18.1189999999915
216;6.38899999999558;4.85399999999208;34.5040000000008;10.4869999999937
986;17.0249999999942;11.4259999999922;160.989999999991;46.6450000000041
662;13.0099999999948;8.35399999999208;108.020000000004;30.6820000000007
997;17.3629999999976;11.8260000000009;161.235000000001;46.6029999999882
252;7.40199999998731;5.36699999999837;39.4850000000006;13.0240000000049
8;1.78000000001339;1.27199999999721;1.13900000001013;0.489999999990687
862;14.8830000000016;10.900999999998;137.123999999996;40.9159999999974
22;2.32900000001246;2.57600000000093;3.30400000000373;1.02700000000186
597;12.9789999999921;8.08899999999267;96.4470000000001;28.9630000000034
63;3.73700000000827;3.65000000000873;9.61700000001292;3.0570000000007
791;14.698000000004;10.8500000000058;128.200000000012;37.9429999999993
888;15.8179999999993;10.7859999999928;143.489000000001;43.3849999999948
132;4.91599999999744;4.58199999999488;20.974000000002;6.10900000001129
148;5.58699999999953;4.18400000000838;22.6260000000038;6.47699999999895
413;9.6929999999993;7.31600000000617;68.0509999999922;18.820000000007
854;14.7430000000022;9.99000000000524;138.788;41.3739999999962
512;10.8270000000048;7.74300000000221;83.5800000000017;24.3270000000048
684;13.1140000000014;9.35300000000279;112.097999999998;34.2430000000022
250;7.17799999999988;5.22299999999814;41.1879999999946;12.1090000000113
25;2.57299999998941;2.37200000000303;3.79499999999825;1.27700000000186
710;13.7859999999928;10.0740000000078;116.559999999998;34.3589999999967
582;12.4490000000078;8.35100000000966;98.4629999999888;28.3870000000024
39;3.25900000000547;2.88900000001013;6.09999999999127;2.04300000000512
442;9.66999999999825;7.12300000000687;72.1820000000007;20.3480000000127
76;4.10099999999511;3.78800000000047;11.5069999999978;4.24800000000687
989;18.2109999999957;11.3410000000003;163.403000000006;45.919000000009
561;11.1349999999948;8.15699999999197;91.2640000000101;26.497000000003
248;6.85300000000279;5.66100000000733;40.0500000000029;11.5369999999966
729;13.0709999999963;9.33199999999488;117.573000000004;35.9040000000095
648;12.9820000000036;8.20999999999185;101.771999999997;30.8499999999913
44;3.46400000000722;3.20300000000861;6.98200000000361;2.2960000000021
196;6.15499999999884;4.83299999999872;31.7619999999879;9.38500000000931
668;12.4759999999951;9.58999999999651;110.161000000007;30.724000000002
586;12.4370000000054;8.4939999999915;94.6360000000132;27.9590000000026
385;9.22599999999511;6.69999999999709;63.3840000000055;19.1180000000022
396;8.76300000000629;6.96899999999732;65.148000000001;18.7249999999913
917;15.8979999999865;11.6160000000091;150.186000000002;42.8400000000111
227;6.6530000000057;5.25099999998929;37.3100000000122;11.0190000000002
595;12.1130000000121;8.6140000000014;94.9349999999977;29.872000000003
508;10.4660000000003;7.83200000000943;83.2390000000014;25.0149999999994
99;4.49199999999837;4.01900000000023;15.1269999999931;4.38700000000244
209;6.67300000000978;4.5399999999936;35.1589999999997;9.85499999999593
247;6.9539999999979;5.89600000000792;40.6759999999922;12.2510000000038
505;11.3000000000029;7.89199999999255;82.7330000000075;23.5249999999942
479;10.1169999999984;7.5789999999979;77.1330000000016;22.497000000003
794;13.9700000000012;10.0329999999958;130.543000000005;38.5819999999949
691;13.9670000000042;9.80499999999302;112.941000000006;31.7369999999937
987;17.8669999999984;11.4110000000073;161.727999999988;45.9170000000013
937;16.3739999999962;10.6710000000021;153.352999999988;44.0489999999991
899;15.8509999999951;11.275999999998;145.709000000003;43.2160000000003
334;7.98600000000442;6.78200000000652;55.023000000001;16.7079999999987
650;12.9550000000017;8.47000000000116;106.860000000001;32.400999999998
212;6.37900000000081;4.65499999999884;34.7719999999972;9.99700000000303
494;10.502999999997;7.43000000000757;78.5769999999902;24.0069999999978
100;4.32700000000477;4.28599999999278;16.8059999999969;4.94499999999243
472;10.7190000000119;7.27699999998731;79.1600000000035;22.5279999999912
701;13.9380000000092;9.12600000000384;123.380999999994;33.2229999999981
29;4.23699999999371;3.50200000000768;4.90200000000186;2.02899999999499
604;11.5140000000101;8.91999999999825;97.4980000000069;29.8220000000001
719;15.2320000000036;9.78299999999581;119.036999999997;33.1450000000041
412;9.02099999999336;6.52300000000105;69.9330000000045;18.9539999999979
845;15.0919999999896;9.88000000000466;158.241000000009;39.5040000000008
485;12.7069999999949;9.39199999999255;100.875999999989;29.7629999999917
844;19.7510000000038;12.9180000000051;178.050000000003;54.7199999999866
979;18.0769999999902;11.2130000000034;164.006000000008;47.3619999999937
772;14.5389999999898;10.2099999999919;126.875;38.1689999999944
403;10.054999999993;7.4320000000007;66.7440000000061;20.127999999997
240;6.72400000000198;5.35499999999593;38.9539999999979;11.6779999999999
701;13.4569999999949;9.29899999999907;116.471999999994;34.9239999999991
928;16.5339999999997;11.3590000000113;158.489000000001;45.1070000000036
737;15.2109999999957;9.1929999999993;119.128000000012;35.9790000000066
955;19.4900000000052;11.8680000000022;158.57699999999;48.7119999999995
654;14.0350000000035;9.54200000000128;108.087;33.0120000000024
871;15.5380000000005;9.86000000000058;147.138000000006;42.2259999999951
205;5.86500000000524;5.00999999999476;34.0679999999993;9.22999999999593
730;15.5420000000013;9.4829999999929;123.929000000004;47.0160000000033
140;5.13199999999779;4.46700000000419;22.4719999999943;6.45999999999185
800;15.4819999999891;9.69499999999243;132.803;40.1790000000037
484;14.151;10.558;83.985;27.899
900;18.664;11.769;147.405;45.923
757;17.373;10.946;130.805;39.51
59;4.44399999999996;3.59100000000001;10.1550000000001;3.06100000000004
602;14.722;10.3579999999999;104.642;31.8829999999999
966;21.297;13.0319999999999;169.509;52.8990000000001
330;10.5820000000001;9.21399999999994;57.0039999999999;18.857
861;19.8530000000001;14.2629999999999;148.63;49.26
329;11.1590000000001;8.37100000000009;58.8990000000001;16.703
507;14.556;10.1139999999998;86.9269999999999;27.704
443;13.2510000000002;9.7470000000003;76.973;24.9879999999998
38;4.22299999999996;4.54500000000007;5.69000000000005;2.03899999999976
906;22.8339999999998;14.2359999999999;158.538;51.2530000000002
584;15.3150000000001;11.0709999999999;100.417;30.8199999999997
75;5.4069999999997;4.73700000000008;12.8629999999998;3.8449999999998
793;20.1439999999998;14.1770000000001;140.721;41.1959999999999
581;17.5210000000002;11.1369999999997;101.278;31.2250000000004
511;15.1379999999999;11.4259999999999;88.4699999999998;28.0229999999997
481;13.4609999999998;11.1100000000001;83.6890000000003;24.4259999999999
464;13.4749999999999;9.97500000000036;80.9270000000001;24.3360000000002
628;16.2830000000004;12.5369999999998;112.475;35.9659999999999
144;7.50900000000001;5.86000000000013;24.4139999999998;7.78800000000001
402;13.576;9.66600000000017;68.27;22.252
631;16.1819999999998;13.0509999999999;113.393;35.2869999999998
707;17.134;10.8209999999999;120.711;36.8959999999997
878;20.4389999999994;13.4660000000003;152.554;46.9709999999995
789;21.0330000000004;13.7380000000003;139.827;43.1469999999999
230;9.90999999999985;8.39500000000044;40.5929999999998;12.9890000000005
204;8.97299999999996;7.24399999999969;34.3629999999994;11.0969999999998
620;17.2359999999999;11.5649999999996;106.267;34.8879999999999
939;19.7060000000001;14.3059999999996;163.011;50.7179999999998
986;23.7749999999996;16.7290000000003;176.52;52.4179999999997
485;13.8000000000002;10.1859999999997;82.9090000000006;27.0380000000005
72;5.48300000000017;4.54600000000028;12.4110000000001;3.69599999999991
247;10.4970000000003;8.08500000000004;42.0009999999993;12.7240000000002
289;9.67499999999927;7.86799999999948;50.741;14.6360000000004
711;19.165;13.0409999999993;119.826;40.2809999999999
47;3.79200000000037;3.28600000000006;7.39099999999962;2.15099999999984
681;13.1730000000007;9.21699999999964;101.709;32.5360000000001
496;11.2790000000005;8.23400000000038;74.3009999999995;23.8110000000006
160;6.34699999999975;5.06400000000031;23.4760000000006;7.07599999999911
602;12.0650000000005;8.79500000000007;89.1679999999997;26.5960000000005
160;5.68599999999969;4.6239999999998;24.3060000000005;6.69499999999971
645;13.0060000000003;8.83000000000084;97.6909999999998;28.835
204;6.66699999999946;5.35799999999927;28.8980000000001;8.85199999999986
782;15.6950000000006;11.0830000000005;117.186;34.9489999999996
850;16.1050000000005;11.75;128.880999999999;38.6180000000004
642;13.3149999999996;9.01999999999953;97.375;28.7780000000002
320;7.98000000000047;6.31400000000031;48.2869999999994;15.299
409;9.64800000000014;7.64300000000003;63.6639999999998;19.0560000000005
466;10.7069999999994;8.48300000000017;68.1240000000007;20.8029999999999
448;10.7849999999999;7.72199999999975;72.0950000000003;21.1559999999999
569;14.978000000001;11.223;98.7579999999998;30.5529999999999
624;15.7830000000013;11.0930000000008;108.815000000001;32.1569999999992
599;14.996000000001;11.2570000000014;104.076000000001;31.7990000000009
825;19.9770000000008;13.5600000000013;145.931999999999;42.7579999999998
731;18.5450000000001;13.0369999999984;127.651;39.4229999999989
529;14.1859999999997;9.98199999999997;92.8029999999999;28.018
657;16.6859999999997;11.7430000000004;111.546;37.4230000000007
137;7.23999999999978;6.35399999999936;24.2180000000008;8.11999999999898
88;6.36700000000019;5.875;15.4259999999995;5.1239999999998
183;8.52200000000084;6.92300000000068;36.6630000000005;9.88899999999921
842;21.9609999999993;14.012999999999;153.962;45
404;11.3140000000003;9.06900000000132;69.1099999999988;21.3019999999997
382;12.4259999999995;9.78399999999965;65.7109999999993;19.6539999999986
713;16.2049999999999;13.0879999999997;124.078;37.732
952;20.4099999999999;14.8950000000004;143.136;44.8410000000003
727;15.1970000000001;9.875;111.405000000001;35.0730000000003
611;11.8799999999992;7.93999999999869;89.6389999999992;26.6579999999994
322;8.34900000000016;6.43100000000049;45.994999999999;14.0150000000012
861;16.9250000000011;10.4670000000006;128.105000000001;36.2350000000006
461;11.232;7.74699999999939;67.4410000000007;23.1489999999994
475;10.8199999999997;7.32899999999972;71.8379999999997;21.9899999999998
591;11.7759999999998;9.60400000000118;86.8610000000008;26.0759999999991
535;11.4879999999994;8.41599999999926;80.6229999999996;24.6090000000004
366;9.03999999999905;6.3169999999991;55.7720000000008;16.137999999999
623;12.0770000000011;9.30400000000009;90.6149999999998;28.264000000001
330;8.14300000000003;5.81299999999828;48.2849999999999;13.6980000000003
60;3.43000000000029;3.18499999999949;8.9940000000006;2.86700000000019
385;9.56499999999869;6.72200000000157;57.1530000000002;16.8020000000015
396;9.44800000000032;6.29399999999987;57.098;17.2669999999998
360;9.51499999999942;6.09799999999996;50.4070000000011;15.7510000000002
726;15.3600000000006;9.79600000000028;105.923999999999;33.8610000000008
238;6.99099999999999;6.14699999999903;34.0730000000003;10.7980000000007
203;6.35399999999936;5.12700000000041;32.9969999999994;9.79799999999886
609;12.2389999999996;8.90699999999924;94.0709999999999;27.7219999999998
609;12.2119999999995;8.50699999999961;91.1209999999992;26.2490000000016
858;17.0010000000002;10.4110000000001;126.636999999999;38.9860000000008
462;10.3009999999995;7.68099999999868;67.8400000000001;21.4900000000016
410;9.91699999999946;6.8179999999993;62.2960000000003;20.7209999999995
765;15.2720000000008;9.05500000000029;113.861000000001;34.3779999999988
554;11.6349999999984;7.97899999999936;88.7189999999991;24.8509999999987
214;6.20600000000013;5.48199999999997;31.8420000000006;9.52200000000084
827;17.9530000000013;12.5360000000001;139.999000000002;41.2920000000013
691;15.9030000000002;10.8469999999998;113.222;35.9789999999994
870;20.7049999999999;13.6290000000008;141.453;43.1700000000001
446;13.3600000000006;8.67599999999948;75.4539999999997;21.5130000000008
119;5.45599999999831;4.91300000000047;19.0360000000001;5.98599999999897
830;17.2100000000009;11.5720000000001;137.531999999999;42.9380000000001
261;8.89499999999862;7.06100000000151;43.139000000001;13.509
267;9.22500000000036;8.37900000000081;42.7200000000012;13.4409999999989
400;12.9220000000005;8.28599999999824;69.2520000000004;20.1900000000005
345;10.2559999999994;7.67699999999968;56.8799999999992;17.3649999999998
662;16.0730000000003;10.0159999999996;110.311000000002;33.0960000000014
392;11.6599999999999;8.71299999999974;66.0859999999993;20.027
896;21.0380000000005;13.2039999999997;149.334999999999;44.7030000000013
566;13.625;9.73199999999997;90.7609999999986;28.3899999999994
263;10.4809999999998;6.72400000000016;44.8259999999991;12.6309999999994
63;4.84399999999914;5.56700000000092;10.0169999999998;3.40999999999985
302;9.82400000000052;7.48700000000099;49.3870000000024;15.4470000000001
109;5.55900000000111;4.89099999999962;18.0220000000008;5.99799999999959
328;10.1349999999984;8.21399999999994;56.8889999999992;15.7460000000028
853;18.9089999999997;12.625;145.792000000001;43.4850000000006
936;19.0439999999981;12.3719999999994;160.405999999999;47.9840000000004
457;12.7170000000006;8.72099999999773;76.8949999999968;22.757999999998
626;15.5070000000014;9.96500000000015;106.128000000001;32.375
967;17.4329999999973;13.5740000000005;158.170999999998;44.257999999998
642;14.8209999999999;10.3300000000017;106.335999999999;30.9150000000009
70;4.92700000000332;3.96700000000055;12.5339999999997;4.15599999999904
599;14.8680000000022;11.367000000002;100.623;30.2800000000025
531;14.1110000000008;10.2039999999979;89.0410000000011;26.5270000000019
58;4.68000000000029;4.84800000000178;9.46999999999753;3.03900000000067
533;14.6580000000031;11.9490000000005;88.6399999999994;27.3859999999986
513;13.2860000000001;9.96699999999691;84.1700000000019;28.2099999999991
663;16.5780000000013;11.025999999998;108.728000000003;31.747000000003
403;11.2940000000017;8.39800000000105;64.0390000000007;20.1949999999997
767;18.9639999999999;13.5139999999992;126.121999999999;39.7249999999985
639;15.762999999999;10.5599999999977;104.477999999999;33.3339999999989
273;9.21600000000035;7.56199999999808;43.5679999999993;13.2910000000011
230;9.36100000000079;7.25700000000143;38.2139999999999;12.6080000000002
402;11.1729999999989;8.96299999999974;66.1039999999994;18.8100000000013
665;16.3450000000012;10.7260000000024;110.367999999999;33.0930000000008
279;9.6720000000023;7.93299999999726;45.247000000003;13.6049999999996
756;17.6410000000033;13.4710000000014;124.857;39.2540000000008
691;17.1959999999999;11.3260000000009;114.451000000001;36.9000000000015
414;11.7739999999976;8.68000000000029;71.3120000000017;20.7569999999978
748;16.0949999999975;12.112000000001;126.324000000001;41.0810000000019
720;17.5689999999995;10.851999999999;121.773000000001;36.2819999999992
92;5.35399999999936;4.44599999999991;13.8420000000006;4.35599999999977
998;20.8860000000022;12.8480000000018;164.360000000001;49.5330000000031
514;13.1260000000002;8.35999999999694;86.5900000000001;26.2200000000012
715;17.9890000000014;10.8060000000005;117.948;34.9530000000013
930;20.8270000000011;13.4079999999994;155.004000000001;47.4850000000006
556;14.1320000000014;10.9060000000027;94.0970000000016;26.6540000000023
462;13.5030000000006;9.50900000000183;77.3899999999994;22.2350000000006
600;15.6719999999987;10.6820000000007;101.349000000002;31.0499999999993
241;9.5089999999982;6.50900000000183;42.2109999999993;11.8839999999982
119;5.95700000000215;5.44099999999889;19.1479999999974;6.20200000000114
404;11.1869999999981;8.80000000000291;67.8680000000022;19.8549999999996
89;5.31800000000294;5.68099999999686;15.9580000000024;5.5099999999984
878;19.0400000000009;12.9269999999997;151.814999999999;43.2469999999994
810;21.0849999999991;13.632999999998;140.524999999998;41.7039999999979
453;13.2380000000012;9.17900000000009;72.9500000000007;22.6800000000003
688;16.2750000000015;11.6820000000007;119.173999999999;33.4470000000001
886;18.5319999999992;13.380000000001;147.431;44.3590000000004
334;11.3139999999985;8.02799999999843;54.2969999999987;16.4049999999988
115;6.5109999999986;5.37299999999959;20.7429999999986;6.18500000000131
82;4.88000000000102;4.40300000000207;12.7279999999992;3.76499999999942
829;18;12.75;140.702000000001;41.8289999999979
20;3.30600000000049;2.91100000000006;2.80900000000111;0.986000000000786
745;17.3640000000014;11.7810000000027;127.309000000001;38.4040000000023
369;10.9229999999989;8.20599999999831;61.8819999999978;16.8840000000018
744;16.9799999999996;12.2099999999991;124.778999999999;37.8719999999994
561;14.1949999999997;11.1200000000026;94.7560000000012;28.5269999999982
999;20.9379999999983;14.6859999999979;166.397000000001;49.0689999999995
965;20.2819999999992;14.2429999999986;160.685000000001;50.4650000000001
869;19.5360000000001;13.0720000000001;128.683000000001;40.0069999999978
641;13.1920000000027;9.74699999999939;97.4439999999995;28.2089999999989
346;8.41500000000087;6.9330000000009;52.2390000000014;15.4279999999999
934;16.9089999999997;12.219000000001;138.287;40.8880000000026
686;12.9890000000014;9.70999999999913;103.258999999998;29.8070000000007
428;9.59200000000055;6.49399999999878;63.1659999999974;19.0690000000031
912;16.3239999999969;10.8160000000025;141.723000000002;40.9319999999971
251;8.26000000000204;7.16500000000087;37.3940000000002;12.1060000000034
645;13.1849999999977;9.52499999999782;97.612000000001;30.8580000000002
277;8.06999999999971;5.97600000000239;42.6029999999992;13.8739999999998
889;15.768;11.5240000000013;133.097999999998;41.1130000000012
463;10.9680000000008;7.90899999999965;69.9720000000016;19.969000000001
654;13.9730000000018;9.00599999999758;98.9360000000015;29.1959999999999
233;6.91999999999825;5.54899999999907;34.1680000000015;10.6090000000004
888;16.0619999999981;10.7599999999984;133.041000000001;37.9159999999974
122;4.99699999999939;4.30199999999968;17.6890000000021;5.38799999999901
745;14.7740000000013;10.4629999999997;110.063000000002;32.9390000000021
469;10.3739999999998;7.3640000000014;73.6160000000018;21.5740000000005
626;12.7220000000016;8.52999999999884;94.9840000000004;28.1939999999995
387;10.2460000000028;7.66199999999662;57.7309999999998;16.6929999999993
234;7.27200000000084;5.41599999999744;32.8970000000008;9.82500000000073
563;12.1660000000011;8.06499999999869;82.5319999999992;26.0799999999981
532;11.3090000000011;7.72000000000116;78.6830000000009;22.273000000001
527;11.1129999999976;7.56999999999971;77.3500000000022;22.1840000000011
328;8.23999999999796;6.43599999999788;49.6779999999999;15.8899999999994
169;5.79300000000148;5.12299999999959;23.7170000000006;7.91200000000026
99;4.72700000000259;3.57000000000335;15.0109999999986;3.7609999999986
220;6.09500000000116;4.81599999999889;30.239999999998;8.90099999999802
286;8.51800000000003;6.1919999999991;42.619999999999;13.1059999999998
51;3.33499999999913;3.28099999999904;7.01400000000285;2.16199999999662
11;1.98099999999977;1.73600000000079;1.5;0.545000000001892
397;9.4230000000025;6.49199999999837;62.260000000002;17.9969999999994
343;8.79000000000087;6.11899999999878;52.9789999999994;15.755000000001
827;14.9079999999994;10.0529999999999;125.545000000002;37.3760000000002
935;16.9160000000011;11.2440000000024;137.274000000001;42.6790000000001
810;15.4439999999995;10.6739999999991;120.802;35.6859999999979
768;15.4399999999987;10.1090000000004;117.215999999997;34.3449999999975
242;7.05699999999706;5.48199999999997;35.9750000000022;12.3590000000004
782;14.9500000000007;11.5149999999994;122.439999999999;34.7959999999985
716;14.7249999999985;9.79699999999866;108.698999999997;31.3460000000014
997;17.2229999999981;11.2549999999974;153.505000000001;44.737000000001
147;5.03800000000047;4.31700000000274;21.0839999999989;6.37199999999939
905;16.2530000000006;10.7580000000016;139.911;40.6670000000013
512;10.9249999999993;7.25400000000081;76.494999999999;21.719000000001
262;7.86599999999817;6.11599999999817;38.8549999999996;10.9160000000011
343;9.02100000000064;7.09799999999814;50.7510000000002;15.4529999999977
957;16.9040000000023;12.4390000000021;143.860000000001;41.7309999999998
317;9.13799999999901;6.10199999999895;48.3839999999982;13.0600000000013
130;4.92999999999665;4.36599999999817;20.8510000000024;5.24299999999857
319;9.13099999999758;6.07200000000012;49.1519999999982;14.6929999999993
950;17.5520000000033;11.9840000000004;146.23;42.369999999999
608;12.1690000000017;8.48400000000038;93.4439999999995;27.3480000000018
894;15.768;10.2760000000017;136.781999999999;40.0449999999983
699;14.2410000000018;9.11199999999735;103.420000000002;30.7669999999998
782;15.1780000000072;10.9530000000013;116.834999999999;33.752999999997
928;16.5240000000049;10.351999999999;139.909;42.9919999999984
855;15.8719999999958;10.4969999999958;134.281999999999;42.0240000000049
738;14.4029999999984;9.56100000000151;114.498;31.0050000000047
747;15.0469999999987;9.36300000000483;112.465000000004;34.0690000000031
611;14.1490000000049;8.63100000000122;93.5509999999995;26.0279999999984
610;13.5089999999982;8.16599999999744;92.0009999999966;25.5559999999969
561;11.7719999999972;7.83099999999831;86.3410000000003;24.9210000000021
900;17.7070000000022;12.0529999999999;142.737999999998;40.5629999999946
630;12.2289999999994;9.16799999999785;93.4720000000016;27.3930000000037
40;3.3289999999979;2.89199999999983;5.78499999999622;1.92899999999645
608;12.4210000000021;9.23300000000017;93.8799999999974;26.5610000000015
631;14.135000000002;9.13800000000629;97.3029999999999;29.4289999999964
624;12.1229999999996;8.48199999999633;99.4890000000014;29.3210000000036
533;11.9720000000016;8.27799999999843;80.6670000000013;25.5559999999969
356;9.36300000000483;6.58699999999953;55.0440000000017;16.4179999999978
716;13.4099999999962;8.72200000000157;106.013999999996;33.3059999999969
715;14.4779999999955;9.43500000000495;105.653999999995;31.6940000000031
961;18.096000000005;12.5140000000029;146.866000000002;42.7049999999945
911;16.7819999999992;9.73999999999796;138.214;41.0399999999936
568;11.8350000000064;8.24599999999919;85.8389999999999;25.2920000000013
550;11.6880000000019;8.29699999999866;87.2360000000044;26.3899999999994
129;4.91799999999785;4.12600000000384;18.5840000000026;5.9320000000007
290;8.49300000000221;6.53199999999924;43.900999999998;13.0500000000029
348;8.64899999999761;5.96399999999994;53.7549999999974;16.8589999999967
768;13.6889999999985;9.99399999999878;117.764999999999;36.6189999999988
971;17.0080000000016;11.2339999999967;150.860999999997;45.2620000000024
542;11.5409999999974;7.56199999999808;82.1529999999984;23.8530000000028
45;3.00700000000506;3.23400000000402;6.83299999999872;2.18699999999808
897;16.0240000000049;10.788999999997;137.187000000005;39.3870000000024
892;15.4380000000019;10.6900000000023;135.608999999997;38.6399999999994
610;12.1399999999994;8.05400000000373;95.5140000000029;25.5020000000004
50;3.67599999999948;3.08299999999872;6.6359999999986;2.15499999999884
565;11.176999999996;8.31500000000233;88.101999999999;23.1690000000017
565;11.9419999999955;8.65500000000611;84.2799999999988;26.8470000000016
203;5.916999999994;5.47800000000279;29.599000000002;8.01799999999639
423;10.4069999999992;6.86000000000058;64.1559999999954;19.4540000000052
384;10.1999999999971;6.46100000000297;57.2220000000016;16.8900000000067
322;8.8179999999993;5.90299999999843;49.987000000001;15.2109999999957
383;9.68799999999464;6.8640000000014;58.4539999999979;17.0360000000001
65;3.47200000000157;2.96300000000338;9.70300000000134;3.23099999999977
786;14.2429999999949;9.4519999999975;120.074000000001;34.2700000000041
640;12.7050000000017;9.01200000000244;96.5720000000001;29.5290000000023
368;10.1109999999971;6.6730000000025;55.9950000000026;16.7379999999976
481;10.8870000000024;7.51600000000326;73.2860000000001;19.7309999999998
543;12.1610000000001;8.22899999999936;82.5650000000023;26.9520000000048
969;17.7719999999972;11.4860000000044;148.400000000001;43.5809999999983
882;15.4599999999991;11.1080000000002;137.325000000004;39.8280000000013
207;7.58899999999994;5.06200000000536;32.3830000000016;9.78600000000006
922;16.5099999999948;10.4879999999976;146.284999999996;40.0409999999974
898;15.7839999999997;12.1859999999942;137.163;38.5619999999981
235;6.98500000000058;5.38799999999901;37.635000000002;10.1039999999994
149;5.59399999999732;4.19499999999971;21.4170000000013;6.17899999999645
536;11.0930000000008;8.07600000000093;83.4449999999997;24.336000000003
786;15.086000000003;10.0069999999978;123.834000000003;34.2410000000018
908;16.3689999999988;11.0950000000012;142.209000000003;41.0929999999935
455;9.64700000000448;6.77399999999761;70.3580000000002;20.0020000000004
715;14.9779999999955;9.80999999999767;109.567000000003;32.5270000000019
244;6.70100000000093;5.87099999999919;37.5140000000029;10.8289999999979
278;7.8289999999979;5.3839999999982;43.8870000000024;13.7420000000056
910;16.163999999997;10.2460000000065;144.311999999998;39.4029999999984
141;5.47900000000664;3.99899999999616;23.9570000000022;6.59599999999773
501;10.6500000000015;8.3660000000018;81.4890000000014;24.0169999999998
403;10.6180000000022;7.07300000000396;62.1200000000026;18.1810000000041
690;13.8099999999977;9.91399999999703;109.776999999995;32.2770000000019
381;9.00900000000547;6.70200000000477;58.8570000000036;18.1899999999951
733;13.6500000000015;10.3919999999998;114.815000000002;32.9470000000001
938;16.9040000000023;12.5360000000001;145.847999999998;42.4800000000032
613;12.6530000000057;8.86100000000442;94.7989999999991;27.3369999999995
426;9.19700000000012;7.18099999999686;67.1330000000016;21.2550000000047
219;6.49799999999959;4.9120000000039;36.0199999999968;9.85199999999895
761;13.528999999995;9.98599999999715;117.315999999999;36.0449999999983
232;7.16600000000471;6.06100000000151;35.0190000000002;10.1699999999983
347;8.73099999999977;6.26600000000326;53.2590000000055;15.0849999999991
186;7.03299999999581;5.70999999999913;30.364999999998;11.2189999999973
499;10.612000000001;8.42199999999866;77.5239999999976;21.0319999999992
173;6.08499999999913;5.24399999999878;26.1520000000019;7.55299999999988
995;18.3029999999999;11.3399999999965;154.225999999995;44.8430000000008
953;16.8249999999971;10.9359999999942;148.009999999995;43.4359999999942
197;6.41999999999825;4.64800000000105;29.7550000000047;8.24700000000303
656;13.4119999999966;8.49699999999575;107.058000000005;27.3610000000044
424;9.88700000000244;7.00200000000041;65.198000000004;18.148000000001
10;1.72800000000279;1.62800000000425;1.33499999999913;0.452999999994063
314;8.11499999999796;6.88100000000122;47.1759999999995;15.4050000000061
466;10.4419999999955;7.22699999999895;74.8539999999994;20.1719999999987
955;17.8320000000022;11.6759999999995;149.316999999995;43.0910000000003
645;12.9639999999999;9.15400000000227;101.513999999996;30.8130000000019
226;6.60599999999977;5.42000000000553;34.1840000000011;9.23099999999977
599;11.3419999999969;10.0930000000008;93.5920000000042;27.3430000000008
996;17.9460000000036;11.8130000000019;159.593000000001;45.8580000000002
728;15.5489999999991;10.75;114.728000000003;36.3580000000002
378;8.81199999999808;6.04299999999785;60.6080000000002;17.5710000000036
257;7.12600000000384;5.86899999999878;40.1159999999945;11.0219999999972
671;13.5190000000002;9.76800000000367;108.650000000001;32.3919999999998
605;11.614999999998;9.70599999999831;94.1069999999963;29.2710000000006
728;14.2980000000025;10.8419999999969;114.983;33.836000000003
479;10.1809999999969;7.75;74.7249999999985;20.1889999999985
572;11.3729999999996;7.83400000000256;89.5770000000048;25.7490000000034
348;8.51599999999598;6.27100000000064;55.9550000000017;15.5769999999975
959;16.6359999999986;10.9660000000003;150.581999999995;42.5210000000006
244;6.51600000000326;5.26599999999598;38.3569999999963;11.0629999999946
715;13.2379999999976;9.45599999999831;109.791000000005;32.0559999999969
223;6.90099999999802;5.28600000000006;35.609000000004;10.7850000000035
431;9.7870000000039;7.60499999999593;66.1700000000055;19.3610000000044
853;15.6489999999976;12.4069999999992;129.961000000003;37.8199999999997
886;16.2819999999992;10.3439999999973;131.582000000002;38.1670000000013
604;12.5420000000013;8.35399999999936;92.5729999999967;27.4609999999957
739;15.1719999999987;10.073000000004;113.57;33.2700000000041
507;10.3349999999991;7.42399999999907;78.4490000000005;22.1140000000014
980;17.1990000000005;11.7909999999974;144.877;43.2249999999985
190;6.14300000000367;5.11499999999796;28.3150000000023;8.50800000000163
428;10.4720000000016;8.1160000000018;63.3439999999973;20.2909999999974
734;14.7750000000015;9.22000000000116;109.571000000004;31.2530000000042
770;14.1200000000026;9.375;118.112999999998;33.9130000000005
965;17.1919999999955;11.1670000000013;146.660000000003;41.6940000000031
348;8.4429999999993;5.93599999999424;54.4700000000012;15.2019999999975
966;16.961000000003;12.6210000000065;145.656999999999;42.9330000000045
778;14.7989999999991;10.3589999999967;117.026000000005;35.3959999999934
528;11.583000000006;8.583000000006;77.3689999999988;22.4520000000048
199;6.02500000000146;5.10199999999895;29.5409999999974;10.0120000000024
787;14.8280000000013;10.9199999999983;122.75;34.7910000000047
635;13.1389999999956;8.55599999999686;97.0420000000013;28.4780000000028
567;12.135000000002;9.39800000000105;88.9210000000021;26.3829999999944
342;8.98099999999977;6.4519999999975;52.5939999999973;16.8269999999975
538;11.4279999999999;9.14600000000064;82.2809999999954;23.7560000000012
487;10.9599999999991;7.3179999999993;73.3770000000004;22.0869999999995
468;10.5699999999997;7.78199999999924;72.760000000002;21.1710000000021
616;11.9060000000027;8.98599999999715;93.2479999999996;27.4069999999992
677;14.0369999999966;9.50499999999738;103.410000000003;29.7999999999956
550;10.7799999999988;8.04599999999482;81.8759999999966;23.3300000000017
257;6.91400000000431;5.40800000000309;39.3559999999998;11.612000000001
660;13.6759999999995;8.98599999999715;103.904000000002;32.1770000000033
828;15.0300000000061;9.79499999999825;125.243999999999;36.4170000000013
417;9.72000000000116;6.45599999999831;63.1580000000031;17.3839999999982
617;12.372000000003;9.42200000000594;93.3849999999948;28.9670000000042
243;6.99099999999453;5.47800000000279;37.6779999999999;10.4779999999955
230;6.84399999999732;5.55199999999604;34.2719999999972;10.5169999999998
726;14.2139999999999;9.71699999999691;109.985999999997;32.650999999998
750;14.2679999999964;10.0169999999998;114.305;34.2900000000009
388;9.98700000000099;6.59300000000076;58.4470000000001;18.6030000000028
552;10.9300000000003;7.97499999999854;85.9000000000015;25.8180000000066
427;9.88699999999517;7.36999999999534;64.8859999999986;19.4900000000052
846;16.0060000000012;10.4690000000046;132.029999999999;40.7819999999992
811;15.8119999999981;9.4210000000021;123.548000000003;34.9669999999969
870;17.0819999999949;11.0729999999967;134.851000000002;39.301999999996
499;10.5919999999969;7.82500000000437;77.3870000000024;24.3320000000022
795;14.4650000000038;9.76499999999942;123.811000000002;37.2860000000001
928;16.679999999993;11.4749999999985;146.527000000002;42.2819999999992
596;12.0820000000022;8.04100000000471;90.099000000002;26.961000000003
995;17.2649999999994;11.887999999999;154.359000000004;43.7640000000029
993;17.5909999999931;11.1709999999948;157.720999999998;42.5639999999985
635;13.0889999999999;8.4210000000021;100.463000000003;27.5780000000013
477;10.5659999999989;7.1929999999993;72.5060000000012;22.7940000000017
299;7.9120000000039;5.63499999999476;45.0380000000005;14.0360000000001
361;8.77799999999843;6.583000000006;55.3339999999953;15.7259999999951
137;4.94400000000314;4.12300000000687;20.601999999999;5.8660000000018
651;13.0430000000051;8.96600000000035;98.0639999999985;29.4130000000005
815;15.3279999999941;10.2969999999987;124.686999999998;37.9150000000009
514;10.8580000000002;7.06500000000233;78.6719999999987;23.4809999999998
947;16.5269999999946;11.8369999999995;143.143000000004;42.961000000003
354;8.66100000000006;6.93700000000536;62.1840000000011;17.2810000000027
35;3.3640000000014;3.93600000000151;5.36899999999878;1.73500000000058
241;6.6449999999968;5.05200000000332;35.2520000000004;10.6529999999984
921;17.9029999999984;10.2379999999976;141.095999999998;41.8410000000003
309;7.19599999999627;5.42199999999866;46.2990000000063;13.4759999999951
838;15.5480000000025;10.1839999999938;131.873999999996;36.4930000000022
886;16.7429999999949;12.3910000000033;136.792000000001;43.275999999998
470;9.83000000000175;7.65899999999965;73.9179999999978;22.135000000002
373;8.97899999999936;6.70499999999447;57.0839999999953;16.8680000000022
362;8.4149999999936;7.02700000000186;55.8170000000027;17.6630000000005
373;8.79000000000087;6.4210000000021;57.851999999999;16.2039999999979
445;9.68000000000029;7.43100000000413;70.2869999999966;20.0489999999991
213;6.13900000000285;5.27799999999843;31.4709999999977;9.43899999999849
536;11.0630000000019;7.26499999999942;83.9399999999951;25.3240000000005
426;9.09599999999773;6.50400000000081;67.137999999999;19.3040000000037
635;13.5809999999983;8.99200000000565;98.4230000000025;29.4890000000014
947;16.7459999999992;10.9660000000003;148.773000000001;43.7459999999992
482;10.2090000000026;7.38999999999942;73.9099999999962;20.9289999999964
698;12.599000000002;9.91399999999703;107.837999999996;31.7649999999994
843;15.2989999999991;10.2030000000013;130.286;37.6789999999964
453;9.84700000000157;7.28500000000349;70.7609999999986;20.7100000000064
209;6.74700000000303;5.5879999999961;31.474000000002;8.74200000000565
838;15.2070000000022;10.8810000000012;132.827999999994;38.3129999999946
899;16.4470000000001;11.114999999998;139.487999999998;40.9140000000043
686;12.976999999999;8.94400000000314;105.701999999997;30.4320000000007
360;8.31300000000192;6.4519999999975;55.7279999999955;18.1039999999994
350;8.67199999999866;6.75700000000506;53.6059999999998;14.7989999999991
999;17.9439999999959;12.1310000000012;155.458999999995;44.8729999999996
612;12.5380000000005;9.19200000000274;92.9089999999997;27.9440000000031
614;12.3079999999973;8.54499999999825;96.1949999999997;28.2479999999996
204;6.38999999999942;5.07500000000437;32.3700000000026;9.38999999999942
415;9.3859999999986;6.53199999999924;67.7010000000009;18.2430000000022
363;8.97100000000501;6.47400000000198;55.5970000000016;15.9360000000015
855;15.5210000000006;10.2570000000051;136.844000000005;39.721000000005
589;11.8400000000038;8.38300000000163;93.2289999999994;25.8249999999971
528;11.1709999999948;7.69199999999546;83.8260000000009;23.5030000000042
210;6.38299999999435;4.76699999999983;32.1919999999955;10.9000000000015
532;11.086000000003;8.53699999999662;80.9630000000034;23.0669999999955
962;16.8329999999987;10.9280000000072;152.210999999996;44.3529999999955
564;11.5489999999991;8.54299999999785;90.288999999997;26.3419999999969
55;3.42599999999948;3.16999999999825;8.03600000000006;2.57800000000134
45;3.20599999999831;2.73400000000402;6.33899999999994;1.98099999999977
583;11.5669999999955;8.54099999999744;92.135000000002;26.8950000000041
760;14.4369999999981;9.41199999999662;118.082000000002;35.4470000000001
920;16.9649999999965;11.5770000000048;145.673999999999;44.1840000000011
622;12.5950000000012;9.01000000000204;99.1650000000009;29.051999999996
601;11.8240000000005;7.91199999999662;92.4189999999944;27.5
748;13.5910000000003;10.2430000000022;117.256999999998;36.3820000000051
970;18.0789999999979;11.6189999999988;153.277000000002;44.4010000000053
52;3.10300000000279;5.22299999999814;8.08299999999872;2.44700000000012
416;11.1949999999997;6.38199999999779;67.4150000000009;19.2940000000017
26;2.58800000000338;2.91700000000128;3.92699999999604;1.66599999999744
154;5.3070000000007;3.82400000000052;23.2550000000047;6.8070000000007
535;10.9179999999978;8.8660000000018;83.9750000000058;24.6600000000035
943;16.9439999999959;11.0409999999974;148.978999999999;41.2150000000038
439;9.94900000000052;7.26200000000244;68.109000000004;21.5330000000031
662;12.961000000003;9.51299999999901;104.987000000001;30.1800000000003
673;13.6519999999946;9.52899999999499;108.319000000003;30.2079999999987
686;13.3050000000003;9.79000000000087;110.565000000002;33.1340000000055
28;2.71400000000722;2.42900000000373;4.57699999999022;1.33800000000338
834;15.3799999999901;11.0570000000007;130.82699999999;38.1040000000066
727;14.5969999999943;9.1759999999922;115.111999999994;33.4100000000035
670;13.4780000000028;8.77599999999802;107.627000000008;29.2939999999944
254;7.12300000000687;5.85499999999593;39.6379999999917;10.8880000000063
308;8.73500000000058;6.06399999999849;48.3689999999915;13.9360000000015
636;13.0899999999965;8.30599999999686;100.525000000009;28.7609999999986
332;8.76000000000931;6.94099999999162;52.4270000000106;15.4829999999929
268;7.67200000000594;5.69000000000233;41.1420000000071;11.656999999992
341;8.73999999999069;6.60700000000361;54.4259999999922;15.7540000000008
275;7.68199999998615;6.4259999999922;42.7150000000111;12.791000000012
116;4.90499999999884;4.24599999999919;17.627999999997;5.00500000000466
560;11.5040000000008;8.29099999999744;89.7450000000099;27.2989999999991
615;12.0919999999896;8.34700000000885;98.5149999999994;27.9539999999979
467;10.054999999993;7.43600000000151;72.3050000000076;20.8240000000078
535;11.5269999999873;7.78399999999965;86.3539999999921;23.426999999996
515;10.8009999999922;7.59700000000885;79.4669999999896;25.4729999999981
741;13.8429999999935;10.2489999999962;117.373000000007;34.4550000000017
934;17.0620000000054;11.5749999999971;150.247000000003;41.6110000000044
809;15.06700000001;10.0280000000057;129.476999999999;37.6000000000058
24;2.65499999999884;3.19400000000314;3.55999999999767;1.23399999999674
448;9.91000000000349;7.09399999999732;74.1959999999963;20.5899999999965
262;7.55199999999604;5.90499999999884;41.0890000000072;11.7660000000033
304;8.04200000000128;6.60000000000582;48.6689999999944;14.0489999999991
148;5.89299999999639;4.55499999999302;23.7679999999964;6.71499999999651
505;10.8950000000041;7.97499999999127;80.3489999999874;23.1079999999929
976;17.6450000000041;12.1130000000121;154.929000000004;44.8899999999994
707;14.1409999999887;10.8239999999932;112.171000000002;31.7860000000073
805;14.8559999999998;10.5950000000012;128.668999999994;35.9500000000116
180;6.01600000000326;5.8350000000064;28.6710000000021;8.94199999999546
341;8.33299999999872;6.57799999999406;52.9850000000006;16.148000000001
415;9.5399999999936;7.04700000000594;68.9529999999941;20.1749999999884
272;8.66199999999662;6.55400000000373;43.6349999999948;12.4250000000029
495;10.3690000000061;7.53299999999581;77.4909999999945;22.1809999999969
101;4.53200000000652;3.875;16.2299999999959;5.89599999999336
633;12.9750000000058;8.75300000001153;98.218000000008;28.06700000001
778;14.351999999999;9.94100000000617;125.756000000008;36.6280000000115
104;4.83899999999267;3.64699999999721;15.9939999999915;4.94199999999546
519;11.7929999999906;8.39999999999418;81.7780000000057;22.8800000000047
793;15.0950000000012;10.9699999999866;128.323999999993;36.3790000000008
604;12.4870000000083;9.75400000000081;96.7780000000057;27.6330000000016
219;6.32700000000477;5.93600000000151;33.3630000000121;9.80800000000454
527;10.7860000000073;8.17799999999988;86.4370000000054;24.8040000000037
116;4.70299999999406;3.91799999999057;17.5650000000023;5.21499999999651
87;4.6759999999922;4.20100000000093;13.718000000008;3.53100000000268
86;4.05999999999767;3.36500000000524;13.7550000000047;3.83699999999953
317;7.93300000000454;6.36999999999534;48.8889999999956;14.148000000001
709;13.5789999999979;9.98700000000827;114.910000000003;33.1719999999914
712;13.5350000000035;9.0109999999986;115.195999999996;33.5219999999972
141;5.54099999999744;4.22800000000279;21.9309999999969;6.26200000000244
436;9.95500000000175;7.8689999999915;69.9040000000095;19.5669999999955
946;17.3649999999907;11.7719999999972;154.793999999994;44.5339999999997
474;11.1189999999915;7.62300000000687;75.5590000000084;22.5169999999925
836;16.0510000000068;11.0190000000002;135.191999999995;40.4529999999941
442;9.91199999999662;7.16300000000047;71.6230000000069;20.3669999999984
856;16.1169999999984;10.7139999999927;138.505999999994;39.5089999999909
424;9.61100000000442;7.10699999998906;68.099000000002;19.2170000000042
24;2.64599999999336;2.18399999999383;3.88000000000466;1.05399999998917
636;12.8340000000026;8.74900000001071;102.031000000003;30.7379999999976
786;14.7419999999984;9.91999999999825;126.274999999994;35.6699999999983
472;10.9360000000015;8.41399999998976;76.9070000000065;22.4459999999963
518;10.9029999999912;7.77399999999034;83.1040000000066;23.5290000000095
31;3.15799999999581;2.70500000000175;4.89999999999418;1.56500000000233
409;9.65100000001257;7.29799999999523;64.1470000000118;18.8830000000016
239;7.47099999999045;5.625;37.3439999999973;10.9749999999913
385;10.0800000000017;7.28800000000047;61.4150000000081;18.1889999999985
884;16.4510000000009;11.0079999999871;141.778999999995;41.7309999999998
14;2.30499999999302;2.13899999999558;2.24099999999453;0.69999999999709
832;15.1870000000054;10.8619999999937;138.865000000005;40.1270000000077
343;8.63099999999395;6.64299999999639;56.4579999999987;16.7690000000002
256;7.52899999999499;5.7960000000021;40.573000000004;12.0190000000002
598;12.3619999999937;8.71199999999953;97.544000000009;27.5140000000101
171;5.47500000000582;4.91900000000896;27.2830000000104;8.1649999999936
342;8.72600000000966;6.28100000000268;55.8790000000008;15.7149999999965
934;17.0449999999983;10.5789999999979;152.459000000003;43.148000000001
301;7.77400000000489;7.02400000000489;48.3410000000003;14.5979999999981
283;7.86699999999837;6.03699999999662;46.8649999999907;13.0320000000065
868;16.099000000002;11.2860000000073;140.597000000009;39.5939999999973
825;15.6359999999986;10.6739999999991;135.334000000003;38.6520000000019
879;15.9350000000122;10.8470000000088;143.701000000001;40.8910000000033
715;14.4809999999998;9.89499999998952;114.976999999999;35.1399999999994
431;9.88400000000547;7.33900000000722;70.3709999999992;19.929999999993
413;9.73200000000361;7.5789999999979;64.7160000000003;18.2379999999976
898;16.3040000000037;10.9759999999951;147.683000000005;42.551999999996
904;17.6140000000014;11.1520000000019;146.784;42.8500000000058
978;17.9379999999946;11.4609999999957;161.633000000002;48.6199999999953
484;10.4879999999976;7.0049999999901;76.9529999999941;21.903999999995
881;16.3040000000037;11.3940000000002;146.539000000004;43.6609999999928
169;5.90700000000652;4.48799999999756;26.4619999999995;7.9429999999993
48;3.26499999999942;2.40899999999965;7.0399999999936;2.04099999999744
461;10.4930000000022;8.27999999999884;73.9389999999985;21.9250000000029
87;4.57299999998941;4.1530000000057;14.2100000000064;4.16000000000349
904;17.2399999999907;10.6880000000092;148.850999999995;41.6540000000095
482;10.9320000000007;7.5460000000021;79.8500000000058;24.2350000000006
597;11.9759999999951;8.68099999999686;95.5559999999969;30.4689999999973
884;16.8549999999959;11.4550000000017;144.093999999997;42.0679999999993
826;16.2630000000063;9.93700000000536;134.712;37.3350000000064
208;6.73899999998685;4.9890000000014;34.1089999999967;9.74100000000908
133;5.03100000000268;4.22499999999127;20.6520000000019;6.42699999999604
208;7.27599999999802;4.84600000000501;35.1659999999974;10.0869999999995
899;17.43299999999;12.1970000000001;147.026999999987;44.3029999999999
172;5.99499999999534;4.87900000000081;28.1229999999923;8.13200000001234
780;13.8889999999956;10.7069999999949;129.095000000001;36.6410000000033
98;5.14599999999336;4.11299999999756;14.625;4.56900000000314
998;17.8199999999924;11.8209999999963;174.364000000001;46.9040000000095
740;13.7630000000063;10.0420000000013;120.659;34.81700000001
572;11.7300000000105;8.5509999999922;93.4570000000094;28.1640000000043
236;7.1880000000092;5.46899999999732;38.6070000000036;11.4569999999949
89;4.42500000000291;4.25500000000466;14.6940000000031;4.53500000000349
973;18.3840000000055;11.7339999999967;196.448000000004;46.070000000007
420;11.7390000000014;9.1869999999908;89.2790000000095;27.0749999999971
50;4.79100000001199;4.14100000000326;10.8950000000041;3.46199999999953
340;10.2880000000005;8.18500000001222;72.2299999999959;21.2999999999884
560;15.0620000000054;11.6530000000057;105.107000000004;38.3029999999999
858;15.2010000000009;10.3659999999945;142.190000000002;40.7620000000024
186;6.7780000000057;5.19800000000396;30.3859999999986;8.57299999998941
44;3.48399999999674;3.25199999999313;7.04100000001199;2.20900000000256
226;6.23500000000058;5.37399999999616;35.627999999997;10.4060000000027
650;14.1459999999934;9.16400000000431;108.508999999991;31.4560000000056
507;11.4910000000091;8.22599999999511;87.6129999999976;23.9089999999997
632;13.1689999999944;8.06500000000233;104.756000000008;30.44200000001
401;9.42299999999523;7.09799999999814;68.2119999999995;19.3859999999986
920;17.3410000000003;10.9159999999974;152.576000000001;44.3890000000101
37;2.84600000000501;2.86500000000524;5.58400000000256;1.73099999999977
495;12.4320000000007;7.93600000000151;82.7309999999998;26.0090000000055
577;12.1100000000006;8.11699999999837;97.0339999999997;25.8600000000006
35;2.83800000000338;3.05599999999686;5.6649999999936;1.81900000000314
542;12.7079999999987;8.34500000000116;90.0369999999966;25.7859999999928
351;8.69800000000396;6.11000000000058;59.051999999996;16.7160000000003
399;9.65600000000268;7.27599999999802;66.2489999999962;18.4099999999889
786;14.8790000000008;10.4890000000014;144.279999999999;40.9759999999951
243;6.70900000000256;6.44499999999243;39.5480000000098;11.4499999999971
777;15.2569999999978;9.85199999999895;126.051000000007;37.2860000000073
502;11.3549999999959;8.45600000000559;83.5200000000041;24.0200000000041
132;5.28399999999965;4.31499999998778;22.1219999999885;6.28100000000268
21;2.4890000000014;2.8579999999929;3.45299999999406;1.12099999999919
865;16.0190000000002;11.0489999999991;144.032000000007;41.0169999999925
558;12.3809999999939;9.15200000000186;92.1260000000038;27.8859999999986
343;8.44399999998859;6.51900000000023;58.2139999999927;16.9550000000017
388;9.06399999999849;5.91199999999662;65.2259999999951;19.2820000000065
717;14.0400000000081;9.11500000000524;118.919999999998;34.6889999999985
610;12.2170000000042;8.98200000000361;105.164000000004;30.8570000000036
395;9.0789999999979;6.88199999999779;67.0460000000021;18.7160000000003
722;14.4429999999993;8.81299999999464;124.330000000002;35.7690000000002
50;3.32800000000861;3.02400000000489;8.26199999998789;2.41899999999441
985;20.3379999999997;13.7830000000004;167.098;51.0259999999998
342;10.6510000000003;8.23500000000013;57.0100000000002;17.7240000000002
829;17.1600000000003;11.4299999999998;147.384;46.7679999999996
575;14.04;9.56399999999985;103.596;33.8709999999996
441;12.1279999999997;8.54999999999973;81.1239999999998;23.7429999999999
194;8.28300000000036;6.28400000000011;32.9970000000003;10.3820000000001
728;17.9499999999998;13.0459999999998;130.841;40.7440000000001
785;19.7999999999997;14.8200000000002;136.996;43.482
451;14.9349999999995;9.5679999999993;82.9319999999998;25.277
286;10.3530000000001;8.61599999999999;49.2060000000001;14.4009999999998
251;8.89500000000044;7.02099999999973;46.7429999999995;13.5619999999999
195;7.57200000000012;6.78499999999985;33.2729999999992;10.3999999999996
195;8.15700000000015;6.70499999999993;32.982;10.5049999999992
706;18.8370000000004;13.8119999999999;123.156;38.5810000000001
472;13.0839999999998;10.7170000000006;87.884;26.3139999999994
494;13.8249999999998;9.52700000000004;88.433;26.6179999999995
347;11.2749999999996;9.02300000000014;63.5549999999994;18.7939999999999
244;10.2049999999999;7.53299999999945;41.2340000000004;12.5219999999999
683;18.0889999999999;12.4830000000002;123.136;36.9389999999994
722;17.9400000000005;12.1809999999996;130.537;37.375
605;15.25;11.6869999999999;107.807;35.6379999999999
600;16.0749999999998;12.2870000000003;104.328;32.8789999999999
345;12.0919999999996;8.89000000000033;64.9699999999993;18.3619999999992
40;4.73000000000047;4.30699999999979;6.7510000000002;2.48299999999927
187;7.72400000000016;6.63999999999942;31.598;9.77900000000045
993;21.6729999999998;14.7219999999998;177.341;54.9189999999999
559;14.8859999999995;11.4290000000001;103.611;30.54
628;16.7060000000001;11.8149999999996;110.929;35.8769999999995
593;19.165;13.8090000000002;104.989;32.7419999999993
674;18.1199999999999;11.2860000000001;121.603999999999;36.2800000000007
393;12.3240000000005;9.38500000000022;69.8230000000003;20.2379999999994
899;20.4250000000002;13.5640000000003;156.998000000001;54.0300000000007
144;6.90800000000036;6.38100000000031;25.2280000000001;7.92599999999948
762;20.4229999999998;15.3220000000001;137.388;43.8180000000002
367;11.335;8.13299999999981;69.3030000000008;21.9540000000006
536;16.7990000000009;11.7040000000015;106.184999999999;31.8909999999996
87;6.38000000000102;5.50699999999961;15.9009999999998;5.30400000000009
106;6.92699999999968;5.27800000000025;21.4550000000017;6.67000000000007
930;24.0969999999998;17.3719999999994;155.213;54.1219999999994
931;16.5810000000001;11.9380000000001;144.001;43.0509999999995
649;14.7800000000007;10.1829999999991;103.329;30.4760000000006
141;5.34599999999955;4.48500000000058;20.9400000000005;6.17499999999927
594;12.505000000001;8.45699999999852;93.848;29.7579999999998
4;1.48099999999977;1.58100000000013;0.617000000000189;0.300999999999476
36;3.12799999999879;2.30299999999988;5.67000000000007;2.02499999999964
371;9.65900000000147;7.60800000000017;58.0560000000005;19.6170000000002
492;11.6790000000001;8.93499999999949;76.3590000000004;24.2650000000012
843;16.366;11.7440000000006;132.65;41.1280000000006
84;4.38999999999942;4.0669999999991;13.5589999999993;4.45200000000114
705;14.1849999999995;11.1360000000004;111.797999999999;33.6859999999997
441;10.6720000000005;7.64999999999964;67.4270000000015;20.155999999999
830;16.1919999999991;12.4349999999995;132.448999999999;44.0640000000003
576;13.4339999999993;8.6200000000008;115.710000000001;33.2980000000007
263;11.9809999999998;8.47699999999895;50.9170000000013;14.982
907;22.9310000000005;16.1970000000001;172.595000000001;55.4889999999996
436;14.3340000000007;11.6970000000001;84.2819999999992;28.003999999999
922;26.2110000000011;16.648000000001;179.362000000001;53.4439999999995
459;13.8909999999996;10.6770000000015;89.7430000000004;26.6049999999996
223;11.8179999999993;8.2599999999984;43.2900000000009;13.7420000000002
660;19.514000000001;14.478000000001;126.308999999999;37.4799999999996
165;8.4369999999999;7.91699999999946;33.8600000000006;10.1739999999991
361;13.4840000000004;10.366;66.2029999999995;20.107
232;10.1860000000015;6.02999999999884;42.4410000000007;14.7540000000008
566;17.2510000000002;11.5240000000013;112.659;34.2859999999982
339;11.4409999999989;8.97699999999895;67.7910000000011;20.7209999999995
33;4.10599999999977;4.42399999999907;6.26100000000042;2.1869999999999
777;21.2909999999993;15.473;157.352999999999;44.7109999999993
620;12.3780000000006;8.96000000000095;97.1320000000014;30.4179999999997
941;18.6489999999994;12.027;149.775;48.4300000000003
186;5.77800000000025;4.60800000000017;26.9610000000011;8.10699999999997
544;12.7469999999994;8.30600000000049;88.0469999999987;26.219000000001
485;12.6700000000001;8.36199999999917;75.2350000000006;25.2160000000003
312;8.07600000000093;6.52599999999984;47.7109999999993;13.3860000000004
748;15.1689999999999;10.8439999999991;116.216;33.5740000000005
546;11.6359999999986;8.27500000000146;83.5529999999999;30.2800000000007
522;11.012999999999;7.51299999999901;76.4879999999994;25.3050000000003
709;16.0399999999991;9.68100000000049;110.864000000001;31.4889999999996
607;13.3680000000004;9.93900000000031;90.6039999999994;26.6690000000017
438;10.2470000000012;6.95800000000054;67.1190000000006;21.9959999999992
505;11.1819999999989;7.54099999999926;74.1830000000009;24.0030000000006
407;9.79200000000128;7.375;61.6839999999993;20.2690000000002
424;10.3460000000014;7.43199999999888;64.1489999999994;19.991
812;16.0529999999999;12.1399999999994;122.772000000001;36.9840000000004
274;7.68399999999929;6.31999999999971;41.973;12.7469999999994
284;7.84100000000035;6.81700000000092;42.4049999999988;14.2070000000003
614;13.982;8.94400000000132;95.3240000000005;30.4970000000012
574;11.871000000001;8.81499999999869;86.652;27.4899999999998
213;6.05799999999908;5.88899999999921;33.1209999999992;10.223
31;2.68999999999869;2.82499999999891;4.76000000000022;1.79700000000048
322;8.79800000000068;6.49599999999919;48.3270000000011;14.5329999999994
185;6.15099999999984;4.95600000000013;27.4600000000009;8.60800000000017
165;6.13899999999921;4.75;25.2519999999986;7.57799999999952
126;4.88699999999881;3.66200000000026;21.3690000000006;5.64399999999841
670;13.2029999999995;9.2510000000002;102.107999999998;30.5450000000001
494;11.3469999999998;7.74599999999919;85.4429999999993;23.9710000000014
132;5.40999999999985;5.10200000000077;19.4399999999987;6.3760000000002
461;13.6850000000013;9.22999999999956;86.2929999999978;26.0450000000019
523;13.7880000000005;8.99199999999837;96.5709999999999;28.6150000000016
397;11.7599999999984;8.6239999999998;76.2510000000002;22.0390000000007
647;18.8240000000005;12.8270000000011;120.619999999999;36.7530000000006
261;9.51800000000003;6.7489999999998;52.1470000000008;14.0609999999979
467;13.3990000000013;9.46700000000055;87.8009999999995;26.2330000000002
288;9.69999999999709;6.77600000000166;55.5139999999992;16.8389999999999
351;11.9539999999979;8.08599999999933;66.3619999999974;19.1589999999997
75;4.72399999999834;4.71800000000076;13.7019999999975;4.06999999999971
428;13.4950000000026;10.0639999999985;78.3480000000018;23.219000000001
891;20.775999999998;13.9670000000006;166.422999999999;50.4259999999995
696;19.020999999997;11.9550000000017;125.985000000001;38.4290000000001
391;12.732;8.99300000000221;68.4809999999998;22.9159999999974
159;7.26800000000003;6.28300000000309;27.3510000000024;8.62199999999939
115;5.94700000000012;5.29799999999886;19.4160000000011;6.43299999999726
735;19.6119999999974;14.4150000000009;130.617000000002;40.5780000000013
760;20.0469999999987;14.3410000000003;137.326000000001;42.0570000000007
620;17.8590000000004;11.8590000000004;114.771000000001;34.6909999999989
699;19.6659999999974;12.1179999999986;133.781999999999;40.6339999999982
695;18.6769999999997;12.1030000000028;126.063000000002;38.3350000000028
427;13.273000000001;8.8760000000002;77.5279999999984;23.5760000000009
963;24.0589999999975;14.525999999998;162.511999999999;50.867000000002
737;18.6719999999987;12.3220000000001;138.220999999998;42.4750000000022
816;21.1330000000016;14.4599999999991;155.155000000002;46.1769999999997
489;14.1760000000031;10.6000000000022;92.6380000000026;26.0219999999972
414;13.3050000000003;10.9199999999983;75.4520000000011;22.4670000000006
726;20.1880000000019;12.8090000000011;132.657999999999;40.7119999999995
352;10.9979999999996;9.6239999999998;64.6870000000017;19.6779999999999
444;12.5649999999987;9.57600000000093;84.5459999999985;25.3460000000014
511;14.1759999999995;9.82099999999991;94.8639999999978;27.6830000000009
115;6.10499999999956;5.25300000000061;19.6820000000007;5.86999999999898
314;10.6650000000009;7.75799999999799;57.1589999999997;17.6739999999991
329;11.1409999999996;8.13999999999942;60.9689999999973;17.0060000000012
609;17.351999999999;11.7690000000002;116.665999999997;33.1549999999988
140;6.67099999999846;6.44399999999951;24.4300000000003;7.55400000000009
527;13.7510000000002;10.505000000001;95.9140000000007;29.2829999999994
743;18.6169999999984;12.7490000000034;140.584999999999;40.6450000000004
994;22.9570000000022;15.5400000000009;181.161;56.1290000000008
28;3.76200000000244;3.13000000000102;4.66600000000108;1.64899999999761
244;9.50599999999758;8.53600000000006;44.3349999999991;13.7799999999988
746;20.3689999999988;13.6779999999999;135.544000000002;40.1800000000003
934;18.1970000000001;13.0159999999996;173.638000000003;50.6210000000028
583;16.4429999999993;10.8009999999995;108.488999999998;32.226999999999
699;17.6889999999985;12.6929999999993;121;37.6029999999992
374;10.8639999999978;8.69700000000012;61.5750000000007;17.7839999999997
122;6.51599999999962;5.94300000000294;20.4120000000003;6.30799999999726
33;4.07700000000114;4.10399999999936;5.91700000000128;2.18799999999828
995;23.1450000000004;15.2000000000007;173.642;50.9549999999981
104;6.04000000000087;5.69599999999991;16.4850000000006;5.59200000000055
583;14.1640000000007;9.97400000000198;96.3470000000016;31.7450000000026
952;20.5319999999992;14.7749999999978;162.170000000002;52.8580000000002
543;13.6330000000016;9.9330000000009;92.0829999999987;28.5299999999988
429;12.1189999999988;9.35000000000218;71.5169999999998;22.4490000000005
588;15.719000000001;11.0959999999977;103.776999999998;33.2659999999996
147;7.60299999999916;8.80299999999988;24.1870000000017;7.70499999999811
929;26.5150000000031;16.898000000001;158.115999999998;48.5519999999997
71;4.96199999999953;4.49399999999878;11.8109999999979;3.73600000000079
211;7.80200000000332;7.61799999999857;35.3760000000002;10.9600000000028
198;7.5679999999993;6.13299999999799;34.137999999999;11.5329999999994
719;16.6779999999999;11.8210000000036;120.046000000002;37.0529999999999
237;8.31599999999889;6.17099999999846;38.1650000000009;11.5809999999983
44;4.33499999999913;4.16499999999724;7.39700000000084;2.4429999999993
926;20.3410000000003;13.3899999999994;157.460999999999;49.3319999999985
862;19.3250000000007;12.9549999999981;140.117000000002;43.0649999999987
962;20.2390000000014;13.2089999999989;161.082999999999;49.7590000000018
920;21.2669999999998;13.4660000000003;153.317999999999;49.4929999999986
19;3.15999999999985;3.31299999999828;2.75299999999697;1.1239999999998
992;20.2159999999967;14.3230000000003;162.948;52.1610000000001
738;16.3780000000006;11.7010000000009;121.222999999998;37.6790000000001
511;13.4310000000005;8.93500000000131;85.1579999999994;25.8299999999981
339;10.7049999999981;8.85499999999956;50.375;16.9539999999979
870;16.1010000000024;11.4079999999994;129.215;37.7919999999976
299;8.40500000000247;6.28499999999985;45.75;13.9510000000009
696;13.3179999999993;8.9429999999993;103.486000000001;29.5019999999968
939;18.1419999999998;10.9120000000003;138.330999999998;44.2829999999994
477;10.4989999999998;7.76600000000326;68.1599999999999;20.8859999999986
669;13.3040000000001;9.94399999999951;100.011000000002;30.9660000000003
369;8.69700000000012;7.48099999999977;55.9889999999978;16.7249999999985
521;10.7010000000009;10.0020000000004;78.6709999999985;24.3209999999999
908;15.7170000000006;10.5149999999994;139.369999999999;43.4300000000003
782;16.150999999998;11.8119999999981;117.642000000003;36.3299999999981
241;6.97300000000178;5.42799999999988;34.3969999999972;10.9530000000013
307;8.55500000000029;5.82900000000154;46.382999999998;13.4010000000017
142;5.0669999999991;4.10800000000017;21.3499999999985;6.1339999999982
665;13.1749999999993;9.82700000000114;99.5439999999981;30.3260000000009
135;5.31199999999808;4.25400000000081;19.6409999999996;5.88800000000265
853;16.1359999999986;12.4439999999995;128.433999999997;38.7700000000004
370;9.25299999999697;6.63799999999901;55.3209999999999;15.8060000000005
834;14.9089999999997;10.4449999999997;126.493999999999;38.4300000000003
512;10.5290000000023;7.22299999999814;76.0229999999974;21.1360000000022
821;14.9960000000028;10.1189999999988;124.964;38.1359999999986
178;6.3660000000018;4.71399999999994;24.3600000000006;8.05400000000009
320;8.39100000000326;6.67399999999907;48.099000000002;14.163999999997
275;7.08699999999953;5.68699999999808;39.7920000000013;11.1710000000021
383;9.19100000000253;6.65200000000186;54.9069999999992;16.8719999999994
522;10.8300000000017;8.21800000000076;77.857;22.6189999999988
648;13.9580000000024;10.0750000000007;94.2559999999976;29.4799999999996
446;10.9950000000026;7.77100000000064;68.0810000000019;20.367000000002
184;6.19999999999709;4.40899999999965;28.8250000000007;7.64999999999782
742;15.489999999998;9.54399999999805;108.468000000001;36.6369999999988
471;10.9480000000003;8.42099999999846;69.3849999999984;21.5999999999985
768;13.7489999999998;9.95899999999892;114.865000000002;36.4360000000015
331;8.50799999999799;6.24799999999959;49.8129999999983;14.6949999999997
84;4.57200000000012;3.31399999999849;12.9330000000009;3.53900000000067
913;17.1850000000013;11.1029999999992;136.496999999999;40.9809999999998
186;6.06099999999788;5.51800000000003;26.7260000000024;8.51399999999921
822;16.6029999999992;10.4570000000022;123.939000000002;36.3790000000008
164;6.67900000000009;4.59200000000055;26.3849999999984;7.6820000000007
632;12.7560000000012;9.12700000000041;96.6310000000012;28.5610000000015
464;10.2419999999984;7.44499999999971;68.3130000000019;20.5229999999938
642;13.885000000002;8.78199999999924;101.278999999995;29.2220000000016
140;5.08199999999488;4.48399999999674;19.7830000000031;6.23200000000361
695;13.7710000000006;9.63100000000122;104.869999999995;31.7540000000008
27;2.36500000000524;2.06399999999849;4.73300000000017;1.36000000000058
298;8.01800000000367;5.4910000000018;46.2090000000026;13.3940000000002
673;12.1939999999959;8.1620000000039;99.8669999999984;30.760000000002
20;2.2589999999982;2.18000000000029;2.76499999999942;0.973999999994703
599;13.4689999999973;9.46100000000297;89.6310000000012;28.7699999999968
338;8.8179999999993;6.7219999999943;50.4250000000029;16.3549999999959
20;2.14099999999598;2.53900000000431;2.73400000000402;0.935999999994237
413;9.81200000000536;6.77599999999802;61.635000000002;18.7819999999992
574;11.5809999999983;9.21499999999651;88.9460000000036;26.4890000000014
912;16.3600000000006;10.9320000000007;139.601999999999;40.023000000001
159;6.04000000000087;4.47200000000157;23.0639999999985;7.12799999999697
559;13.3580000000002;7.95799999999872;83.9210000000021;24.7450000000026
267;7.21499999999651;5.40899999999965;40.6359999999986;11.0360000000001
19;2.43800000000192;2.24199999999837;2.91000000000349;1.03899999999703
217;6.67599999999948;5.21399999999994;32.8320000000022;10.4350000000049
111;4.6530000000057;3.92799999999988;16.8119999999981;5.18899999999849
770;14.4069999999992;10.0319999999992;118.699000000001;34.7839999999997
48;3.17200000000594;2.79200000000128;6.53300000000309;2.22600000000239
259;6.49199999999837;5.34299999999348;39.0889999999999;11.1879999999946
522;12.163999999997;7.39699999999721;78.002999999997;24.2680000000037
561;10.9539999999979;7.28199999999924;84.8629999999976;26.9449999999997
144;5.22499999999854;3.64800000000105;22.3319999999949;6.8070000000007
643;12.9289999999964;8.39600000000064;97.1240000000034;30.0150000000067
712;16.4190000000017;9.22899999999936;106.873999999996;33.5109999999986
457;9.71600000000035;7.30600000000413;70.5509999999995;19.961000000003
975;17.9030000000057;11.6800000000003;143.557000000001;45.9960000000065
295;8.0679999999993;6.19099999999889;42.5199999999968;13.3910000000033
605;12.6880000000019;9.09500000000116;90.3919999999998;28.3989999999976
892;15.2490000000034;10.0290000000023;133.771999999997;38.976999999999
813;15.1200000000026;10.4579999999987;120.913;38.9259999999995
780;14.8470000000016;9.45999999999913;117.699999999997;36.3870000000024
808;15.6679999999978;10.5299999999988;122.582000000002;39.5539999999964
938;16.3819999999978;10.7200000000012;141.661;43.0449999999983
515;10.5169999999998;8.03600000000006;79.2070000000022;23.8159999999989
337;8.6359999999986;6.125;52.234000000004;14.3910000000033
965;17.7150000000038;10.6830000000045;146.916000000005;45.2160000000003
716;12.7690000000002;9.07800000000134;103.5;32.7010000000009
455;11.1820000000007;7.91399999999703;67.5330000000031;21.2679999999964
266;7.14099999999598;6.25100000000384;39.7799999999988;11.1239999999962
11;2.10599999999977;1.62899999999354;1.61899999999878;0.642999999996391
340;8.47000000000116;6.36399999999412;50.8420000000042;15.0679999999993
577;11.1190000000061;7.70700000000215;90.9380000000019;26.9060000000027
992;17.0279999999984;13.9789999999994;148.970999999998;47.6840000000011
58;3.6359999999986;3.16399999999703;8.59199999999691;2.91199999999662
232;6.38300000000163;6.18299999999726;34.0210000000006;10.239999999998
642;12.8680000000022;8.18300000000454;99.0619999999981;27.9419999999955
520;11.6460000000006;8.90699999999924;78.2860000000001;22.2649999999994
615;12.0539999999964;9.48700000000099;95.2089999999953;27.541999999994
669;12.3140000000058;8.60599999999977;104.445;29.9199999999983
125;4.77300000000105;4.9320000000007;18.9340000000011;5.40699999999924
634;12.2940000000017;9.17900000000373;96.0659999999989;29.2090000000026
372;8.59999999999854;7.00499999999738;55.9130000000005;17.3660000000018
522;12.143999999993;7.75;78.8680000000022;24.375
184;6.17700000000332;4.72000000000116;26.7129999999961;8.47099999999773
818;14.7280000000028;10.385000000002;124.451999999997;36.109000000004
893;15.9650000000038;11.3079999999973;136.417000000001;39.8770000000004
863;17.2139999999999;11.4989999999962;132.154999999999;40.487000000001
869;15.4310000000041;11.5789999999979;130.908000000003;38.9700000000012
482;10.1470000000045;7.42299999999523;73.1330000000016;21.734000000004
821;15.2129999999961;10.9729999999981;123.046000000002;38.1100000000006
483;11.2180000000008;7.55999999999767;77.4069999999992;21.0650000000023
484;10.5290000000023;7.44399999999587;77.6429999999964;22.3260000000009
233;6.60200000000623;6.09900000000198;34.9780000000028;9.93800000000192
624;13.2090000000026;9.52999999999884;95.4380000000019;26.7900000000009
386;9.04999999999563;6.89300000000367;58.8229999999967;17.2509999999966
395;8.88899999999558;6.49900000000343;61.0470000000059;19.6859999999942
945;16.5010000000038;11.0240000000049;147.733;44.851999999999
382;9.26499999999942;6.3179999999993;60.484000000004;18.0200000000041
304;8.11099999999715;6.76600000000326;48.8439999999973;14.8290000000052
884;17.0539999999964;11.8760000000038;147.033000000003;44.3549999999959
5;1.40899999999965;1.43699999999808;0.689999999995052;0.331999999994878
585;12.4930000000022;8.49800000000687;97.1840000000011;27.5060000000012
121;5.10699999999633;4.23200000000361;18.916999999994;6.04900000000634
240;6.89300000000367;5.7609999999986;36.8199999999997;11.6330000000016
198;6.36699999999837;4.4690000000046;30.8919999999998;8.98700000000099
412;10.2580000000016;7.28399999999965;68.7260000000024;18.851999999999
776;14.2309999999998;9.53199999999924;118.419000000002;36.6540000000023
776;15.7909999999974;10.5279999999984;120.652000000002;37.9159999999974
747;14.2520000000004;9.79899999999907;117.018000000004;35.489999999998
794;14.9510000000009;9.60800000000017;119.716999999997;33.637999999999
899;16.4979999999996;10.9479999999967;137.540999999997;42.887999999999
875;15.3669999999984;11.3319999999949;139.277000000002;40.6730000000025
968;15.9669999999969;10.4300000000003;150.863000000005;44.1670000000013
204;6.62800000000425;5.55099999999948;31.1860000000015;10.5270000000019
871;15.8260000000009;11.5979999999981;132.82;41.4449999999997
202;7.19499999999971;5.27899999999499;33.1849999999977;9.77199999999721
196;6.33200000000215;5.15800000000309;30.2229999999981;8.94500000000698
347;8.27299999999377;6.62000000000262;56.1419999999998;16.6659999999974
519;10.5350000000035;7.12099999999919;80.3529999999955;22.489999999998
505;10.8600000000006;8.32200000000012;77.612000000001;23.0420000000013
814;13.9770000000062;9.59700000000157;128.297999999995;38.6399999999994
437;9.84999999999854;8.3839999999982;68.760000000002;20.372000000003
321;7.77400000000489;6.14999999999418;50.4399999999951;14.0679999999993
664;13.6339999999982;9.65800000000309;100.383000000002;29.1979999999967
489;11.3340000000026;8.82600000000093;73.8140000000058;22.1840000000011
520;10.851999999999;7.29899999999907;80.9179999999978;22.6500000000015
373;10.622000000003;7.08899999999994;56.1810000000041;16.4539999999979
854;15.476999999999;10.4859999999971;133.442000000003;39.737000000001
391;10.2750000000015;7.10000000000582;58.900999999998;17.8240000000005
776;14.9159999999974;9.78399999999965;117.581000000006;35.1579999999958
279;7.95900000000256;5.62400000000343;42.3309999999983;12.765999999996
623;12.7929999999978;8.5940000000046;95.2169999999969;27.9110000000001
17;2.3550000000032;2.47899999999936;2.73500000000058;0.911000000000058
501;9.87099999999919;7.03500000000349;79.0770000000048;21.8740000000034
702;13.9830000000002;9.77699999999459;107.445;32.8119999999981
694;12.9230000000025;8.62099999999919;108.116999999998;32.0720000000001
77;4.03899999999703;3.61800000000221;11.5480000000025;3.38900000000285
988;17.150999999998;11.0939999999973;156.017999999996;45.5710000000036
587;11.5400000000009;7.90800000000309;92.6670000000013;26.3899999999994
316;8.56900000000314;6.3550000000032;50.0889999999999;15.5959999999977
290;7.87799999999697;5.18900000000576;44.2849999999962;12.8940000000002
302;8.13700000000244;6.44399999999587;49.2770000000019;13.7279999999955
245;7.12600000000384;5.38499999999476;36.7880000000005;10.2430000000022
374;8.86200000000099;6.80000000000291;59.8900000000067;17.0879999999961
528;11.2350000000006;7.36300000000483;85.002999999997;23.5789999999979
251;7.76400000000285;6.07200000000012;37.6770000000033;11.7630000000063
527;11.2960000000021;7.416999999994;83.8119999999981;25.6449999999968
516;10.0440000000017;6.85199999999895;80.1130000000048;24.2089999999953
784;14.5099999999948;9.97100000000501;121.380000000005;35.3570000000036
892;16.5;11.1890000000058;138.174999999996;41.323000000004
793;14.6749999999956;10.1520000000019;123.978000000003;38.7030000000013
483;10.6490000000049;7.13699999999517;73.2969999999987;21.1940000000031
540;11.2999999999956;9.0460000000021;82.9390000000058;24.8319999999949
482;10.6630000000005;9.72999999999593;80.2039999999979;23.3770000000004
697;13.8100000000049;9.30999999999767;111.334000000003;33.1630000000005
507;10.9389999999985;7.78399999999965;79.4779999999955;24.0020000000004
572;11.1370000000024;8.11899999999878;87.987000000001;24.8479999999981
412;9.37700000000041;7.50299999999697;63.5740000000005;18.6190000000061
438;10.2229999999981;7.37299999999959;65.9510000000009;21.6710000000021
154;5.62000000000262;5.39199999999983;23.025999999998;6.95300000000134
846;15.6880000000019;10.0520000000033;131.309000000001;39.0030000000042
473;9.98300000000017;7.43099999999686;75.3940000000002;22.3079999999973
105;4.73899999999412;3.90999999999622;16.4500000000044;5.3269999999975
757;13.9390000000058;9.37600000000384;115.399000000005;33.8940000000002
673;13.5420000000013;8.79300000000512;104.093000000001;30.426999999996
393;9.2609999999986;6.81199999999808;61.4279999999999;17.5869999999995
854;15.5249999999942;10.5690000000031;133.572999999997;39.413999999997
654;12.6209999999992;9.04200000000128;105.906999999999;29.5910000000003
548;11.6199999999953;7.76100000000588;83.4800000000032;25.2029999999941
878;16.4449999999997;11.1610000000001;134.009000000005;40.0649999999951
311;7.71399999999994;5.85899999999674;48.0349999999962;14.4279999999999
690;13.9249999999956;9.55299999999988;105.641000000003;32.0009999999966
851;17.7039999999979;11.2039999999979;131.949000000001;39.1719999999987
255;6.93500000000495;5.34200000000419;39.4860000000044;12.3660000000018
245;6.90899999999965;5.17699999999604;39.0699999999997;10.9699999999939
817;15.8029999999999;10.484000000004;125.529999999999;38.5030000000042
604;12.4989999999962;8.67699999999604;98.0239999999976;29.4340000000011
587;12.6670000000013;8.80599999999686;95.0469999999987;27.6900000000023
25;2.43699999999808;2.48700000000099;3.5370000000039;1.19599999999627
846;15.5600000000049;10.4479999999967;134.483;40.002999999997
317;7.86199999999371;5.34599999999773;48.5009999999966;14.849000000002
903;16.4599999999991;10.5749999999971;145.635999999999;42.0989999999947
948;16.6209999999992;10.8899999999994;148.860000000001;44.0629999999946
226;6.00700000000506;5.32799999999406;34.3530000000028;10.2060000000056
354;8.61699999999837;6.70100000000093;55.2260000000024;17.3029999999999
403;9.14299999999639;7.0940000000046;63.137999999999;19.1180000000022
297;7.5089999999982;5.81300000000192;44.989999999998;13.5929999999935
360;9.23500000000058;6.59299999999348;55.1239999999962;16.6050000000032
62;3.59300000000076;3.69900000000052;8.6140000000014;3.06399999999849
155;5.69499999999971;4.70599999999831;23.8309999999983;7.07100000000355
231;6.51900000000023;5.24900000000343;37.0380000000005;10.6859999999942
499;10.0769999999975;7.19200000000274;78.7360000000044;23.5880000000034
425;9.68099999999686;7.02700000000186;66.635000000002;19.2249999999985
710;13.5679999999993;8.91399999999703;110.523000000001;31.9909999999945
60;3.44799999999668;3.39299999999639;9.35800000000017;3.35199999999895
552;11.0310000000027;8.13100000000122;86.349000000002;25.948000000004
209;6.80399999999645;5.74699999999575;35.4289999999964;10.3949999999968
640;13.3260000000009;9.88299999999435;101.662000000004;28.9820000000036
863;16.8010000000068;10.7510000000038;141.707000000002;40.2220000000016
576;12.7669999999998;8.27100000000064;95.6229999999996;25.8320000000022
705;13.1929999999993;9.13500000000204;109.662999999993;32.4479999999967
12;2.09500000000116;1.8269999999975;1.7219999999943;0.686000000001513
551;12.3260000000009;8.76699999999983;88.6410000000033;24.2699999999968
60;3.37299999999959;3.84700000000157;9.52999999999884;3.08800000000338
563;11.4679999999935;8.00900000000547;89.9799999999959;25.8870000000024
223;6.90200000000186;4.90499999999884;34.6589999999997;10.4179999999978
754;14.1330000000016;9.90600000000268;118.447;35.5689999999959
770;13.7250000000058;9.42199999999866;120.116000000002;37.2549999999974
634;12.4689999999973;10.4349999999977;96.9110000000001;29.8680000000022
411;9.50299999999697;7.92499999999563;64.5729999999967;19.9440000000031
176;5.79099999999744;5.48800000000483;28.0119999999952;8.46500000000378
238;7.46500000000378;5.68099999999686;37.1160000000018;11.4490000000005
994;20.2960000000021;11.5630000000019;157.251000000004;46.2049999999945
979;17.1300000000047;11.851999999999;157.985000000001;47.8139999999985
374;9.05199999999604;6.17299999999523;57.9020000000019;16.9049999999988
390;9.19900000000052;6.54899999999907;60.7829999999958;17.8830000000016
29;2.69599999999627;2.22000000000116;4.80000000000291;1.48400000000402
799;15.726999999999;10.4369999999981;127.398000000001;40.0619999999981
841;14.5299999999988;11.359000000004;132.459999999999;40.1010000000024
635;12.6640000000043;8.86699999999837;102.152999999998;31.3070000000007
897;15.7829999999958;11.9979999999996;143.014000000003;42.8070000000007
922;17.0699999999997;13.1569999999992;145.539000000004;44.0460000000021
685;13.6860000000015;8.82300000000396;109.443999999996;32.3439999999973
660;12.916999999994;9.09999999999854;103.671999999999;31.9160000000047
278;7.85599999999977;7.12799999999697;45.5829999999987;13.4089999999997
392;9.4429999999993;7.81100000000151;64.1909999999989;18.5169999999998
577;12.4930000000022;8.30000000000291;90.6660000000047;28.2700000000041
585;11.6920000000027;8.40199999999459;94.7570000000051;27.4619999999995
451;10.3090000000011;7.84999999999854;70.1960000000036;21.0889999999999
586;11.864999999998;8.36699999999837;94.5410000000047;26.9859999999971
795;14.4960000000065;10.3970000000045;130.559999999998;38.2900000000009
539;10.6339999999982;7.6449999999968;87.4510000000009;26.3990000000049
330;8.37900000000081;6.21100000000297;53.2799999999988;15.7980000000025
690;13.1049999999959;8.4320000000007;111.733999999997;31.3269999999975
332;8.26499999999942;6.06999999999971;52.9700000000012;14.7660000000033
691;13.1579999999958;8.8440000000046;108.574000000001;32.3689999999988
570;11.7819999999992;8.10600000000704;89.9890000000014;27.3000000000029
921;17.2160000000003;11.5249999999942;147.239000000001;43.5659999999989
313;8.49599999999919;6.28699999999662;50.0669999999955;14.663999999997
888;15.6949999999997;10.1710000000021;144.339999999997;42.8009999999995
631;12.7129999999961;8.01800000000367;100.610000000001;28.9360000000015
942;16.778999999995;10.4929999999949;152.385999999999;43.0800000000017
299;8.22100000000501;6.46100000000297;48.6130000000048;14.1770000000033
724;13.7860000000001;9.5280000000057;117.057000000001;32.6749999999956
892;16.1670000000013;11.0409999999974;139.962;40.6820000000007
928;16.8289999999979;12.2929999999978;150.93;41.1080000000002
198;6.33699999999953;5.23700000000099;31.6039999999994;9.27499999999418
903;17.2209999999977;11.1689999999944;142.278999999995;42.2050000000017
116;4.27199999999721;3.33800000000338;17.3790000000008;4.8379999999961
839;14.9429999999993;9.73500000000058;129.720000000001;39.4460000000036
298;7.90899999999965;5.61699999999837;45.7039999999979;15.523000000001
737;14.2350000000006;9.38799999999901;115.442999999999;34.5509999999995
893;15.8730000000069;10.7299999999959;139.299000000006;42.6789999999964
244;7.15000000000146;4.4010000000053;37.8139999999985;11.0780000000013
919;17.8240000000005;11.1080000000002;144.509999999995;45.0329999999958
224;6.53500000000349;5.76400000000285;36.6159999999945;11.4359999999942
276;7.23300000000017;5.61800000000221;43.0059999999939;13.1849999999977
725;13.6900000000023;9.19600000000355;112.115999999995;33.8729999999996
739;14.4950000000099;10.0659999999916;113.633999999991;34.3699999999953
716;15.6750000000029;9.7609999999986;111.914999999994;32.9989999999962
535;10.6049999999959;7.49900000001071;82.1120000000083;25.5749999999971
19;2.54000000000815;2.10199999999895;2.70499999998719;0.838000000003376
925;15.8020000000106;10.4959999999992;142.068999999989;42.3260000000009
168;5.88099999999395;5.13000000000466;25.2979999999952;8.71199999999953
521;11.4130000000005;8.09200000000419;80.6839999999938;24.3579999999929
181;6.15000000000873;4.57300000000396;26.9389999999985;8.61800000000221
948;16.101999999999;10.601999999999;150.326000000001;44.2099999999919
120;5.1359999999986;4.09299999999348;18.6239999999962;5.59000000001106
259;6.59200000000419;5.00199999999313;39.9210000000021;12.2050000000017
675;12.801999999996;9.53899999998976;103.823000000004;30.679999999993
657;12.2370000000083;8.83699999999953;103.226999999999;30.94200000001
198;6.49199999999837;5.33099999999104;28.9569999999949;9.31600000000617
910;16.2030000000086;10.1260000000038;143.536999999997;43.5310000000027
474;9.68500000001222;7.95400000001246;72.8790000000008;21.6059999999998
572;11.773000000001;7.84600000000501;89.5249999999942;26.8450000000012
858;15.6119999999937;9.86199999999371;136.986000000004;43.2729999999865
696;13.1100000000006;9.15799999999581;110.599000000002;33.1429999999964
741;14.0010000000038;8.70800000001327;116.729999999996;34.974000000002
269;7.17399999999907;5.47200000000885;40.8880000000063;13.6229999999923
881;16.4550000000017;10.6549999999988;138.255000000005;42.6570000000065
780;14.4649999999965;10.5210000000079;125.399999999994;36.3549999999959
458;10.1219999999885;7.52899999999499;70.2229999999981;21.1240000000107
827;14.8399999999965;10.3650000000052;133.251999999993;42.0800000000017
879;16.5209999999934;10.8099999999977;139.407000000007;40.7930000000051
223;6.42200000000594;5.52999999999884;38.2260000000097;11.1919999999955
676;13.1630000000005;9.35100000000966;109.214999999997;33.0160000000033
514;10.6610000000073;7.35399999999208;84.6610000000073;25.1549999999988
701;13.5430000000051;8.87099999999919;114.106;31.2079999999987
45;3.33000000000175;3.31200000000536;7.61299999999756;1.89400000000023
827;16.2560000000085;10.375;134.221000000005;41.0510000000068
957;16.7290000000066;11.9150000000081;153.16399999999;46.2440000000061
971;17.5910000000003;11.7659999999887;157.947;46.4059999999881
995;17.8870000000024;11.8290000000125;157.728999999992;48.4309999999969
748;14.9980000000069;9.98599999998987;123.236000000004;36.1290000000008
56;3.43600000000151;3.16899999999441;8.47999999999593;2.78300000001036
476;10.8510000000097;7.23399999999674;77.3969999999972;24.8929999999964
993;16.5999999999913;11.2779999999912;161.373000000007;49.7109999999957
990;17.0190000000002;11.5409999999974;161.785000000003;46.6140000000014
505;10.9959999999992;8.44800000000396;78.5429999999906;25.2600000000093
104;4.55199999999604;3.87099999999919;15.7160000000003;4.73699999999371
217;6.6869999999908;5.06700000001001;35.3730000000069;11.6520000000019
832;15.4249999999884;10.8870000000024;131.640000000014;40.7130000000034
789;14.8729999999923;9.70699999999488;126.675000000003;38.830999999991
475;10.820000000007;7.77599999999802;75.1319999999978;21.9339999999938
612;12.6940000000031;8.39400000000023;98.5290000000095;29.4389999999985
454;11.1150000000052;8.10100000000966;74.2859999999928;23.971000000005
517;11.101999999999;7.69700000000012;81.5109999999986;23.4840000000113
48;3.19000000000233;2.65499999999884;6.67900000000373;2.24799999999232
206;6.4490000000078;5.72999999999593;32.5040000000008;9.53699999999662
715;13.9520000000048;8.70100000000093;113.547999999995;33.2010000000009
221;6.74599999999919;5.05500000000757;33.9199999999983;9.72899999999208
311;8.31299999999464;6.25100000000384;48.426999999996;13.8580000000075
112;4.66899999999441;3.83599999999569;16.6490000000049;5.2960000000021
557;11.6499999999942;7.50999999999476;87.4900000000052;25.9139999999898
71;3.64499999998952;2.93899999999849;10.4149999999936;3.47699999999895
324;8.3799999999901;6.10800000000745;52.5219999999972;15.4899999999907
824;15.5019999999931;10.5170000000071;143.694000000003;43.3239999999932
305;7.98899999998685;6.69099999999162;51.8340000000026;14.8420000000042
888;16.5160000000033;11.5690000000031;149.337;46.3240000000078
994;18.247000000003;12.5740000000078;164.337;48.3579999999929
937;18.8929999999964;10.8220000000001;156.827999999994;46.9300000000076
669;15.1269999999931;9.6420000000071;115.520000000004;32.875
215;6.58499999999185;5.87299999999232;34.7019999999902;10.7969999999914
143;5.43799999999464;5.36699999999837;22.666000000012;6.44499999999243
776;15.5500000000029;10.5890000000072;126.463000000003;38.8800000000047
428;10.096000000005;7.9320000000007;69.5080000000016;21.4850000000006
197;6.31100000000151;4.875;31.023000000001;9.44100000000617
155;5.62700000000768;4.92300000000978;24.3129999999946;7.61999999999534
127;5.09900000000198;4.29200000000128;19.9309999999969;6.3070000000007
718;14.0279999999912;10.2400000000052;115.747999999992;33.9089999999997
488;10.4179999999906;7.49400000000605;79.3059999999969;25.3240000000078
749;14.6180000000022;9.93300000000454;125.156999999992;36.6459999999934
323;8.5060000000085;5.79300000000512;52.8220000000001;16.1629999999859
103;5.00999999999476;4.49300000000221;16.3150000000023;5.03199999999197
248;7.11500000000524;6.04499999999825;40.0060000000085;12.4330000000045
827;16.8080000000045;11.0859999999957;136.536999999997;42.801999999996
442;10.8539999999921;7.52400000000489;73.1910000000062;21.5430000000051
779;16.2740000000049;10.2559999999939;130.425000000003;37.7599999999948
14;2.5789999999979;1.89600000000792;2.12799999999697;0.817000000010012
566;12.4500000000116;8.90699999999197;92.6850000000122;28.984999999986
386;9.48099999999977;6.92199999999139;64.4940000000061;19.3450000000012
350;9.35199999999895;6.68599999998696;59.0789999999979;17.6339999999909
273;8.2670000000071;6.10099999999511;43.7410000000091;14.81700000001
55;3.29499999999825;2.97999999999593;8.66199999999662;2.53900000000431
290;7.63500000000931;5.95500000000175;48.6079999999929;13.7079999999987
149;5.46600000000035;4.97999999999593;24.05799999999;7.1759999999922
242;7.55500000000757;6.25;40.400999999998;12.5920000000042
310;8.01499999999942;6.05800000000454;51.0619999999908;14.9409999999916
305;8.49599999999919;6.0679999999993;50.2209999999905;15.0739999999932
773;15.3959999999934;9.20100000000093;128.76400000001;37.7050000000017
516;11.695000000007;7.73699999999371;85.1049999999959;26.3369999999995
773;15.0050000000047;11.2350000000006;128.612999999998;37.2649999999994
964;17.301999999996;11.6900000000023;159.389999999999;48.752999999997
336;9.27700000000186;7.25200000000768;55.3620000000083;15.75
469;10.4499999999971;7.79299999999057;76.4630000000034;23.6049999999959
260;7.23699999999371;6.16599999999744;44.2510000000038;12.5390000000043
907;17.8160000000062;10.7440000000061;154.627999999997;43.9239999999991
401;10.2009999999864;7.45100000000093;66.9600000000064;19.3000000000029
50;3.58499999999185;2.82200000000012;8.8130000000092;2.59999999999127
89;4.59399999999732;3.8070000000007;13.721000000005;4.60300000000279
322;9.17399999999907;6.61000000000058;53.0369999999966;16.2599999999948
780;14.8479999999981;10.4959999999992;129.148000000001;38.1129999999976
221;7.08299999999872;5.18600000000151;37.3289999999979;11.5500000000029
431;10.9309999999969;8.15099999999802;71.3279999999941;21.6350000000093
421;10.1670000000013;7.73400000001129;72.9089999999997;20.8130000000092
153;6.0280000000057;5.16800000000512;26.7620000000024;7.72400000000198
839;15.5109999999986;11.176999999996;139.044999999998;42.7760000000126
336;8.42799999999988;6.34299999999348;55.3269999999902;15.9379999999946
620;13.2799999999988;8.83299999999872;100.67300000001;28.5360000000073
482;10.0439999999944;7.85399999999208;78.9709999999905;22.5430000000051
56;3.79799999999523;3.26799999999639;9.41300000000047;3.20500000000175
749;15.625;10.5420000000013;125.092999999993;34.9789999999921
59;3.86299999999756;3.71199999999953;8.6140000000014;3.10499999999593
188;6.69700000000012;5.12200000000303;30.0329999999958;9.36500000000524
714;14.4049999999988;9.53900000000431;118.287000000011;32.5140000000101
670;13.8279999999941;9.41000000000349;109.019;32.6239999999962
544;12.4890000000014;8.55999999999767;90.7960000000021;28.343000000008
479;10.4360000000015;8.22400000000198;80.551999999996;23.8070000000007
471;11.2039999999979;7.25;80.9279999999999;28.9309999999969
668;12.5120000000024;9.55699999998615;115.796999999991;32.872000000003
243;7.16500000000815;5.23700000000827;38.8499999999913;11.4030000000057
489;10.6749999999884;8.01000000000931;82.0100000000093;23.3099999999977
242;7.21499999999651;5.3859999999986;39.6349999999948;12.6319999999978
432;9.69099999999162;7.58199999999488;75.3579999999929;21.8359999999957
872;20.1970000000001;12.8889999999956;170.967000000004;55.3070000000007
450;12.0889999999927;8.70100000000093;87.5409999999974;27.752999999997
371;11.2860000000073;7.68099999999686;71.7149999999965;22.2369999999937
529;11.8870000000024;8.67600000000675;87.7160000000003;25.275999999998
424;10.6659999999974;7.26199999998789;71.346000000005;21.4220000000059
701;14.375;9.26299999999173;121.523000000001;34.6379999999917
304;8.58000000000175;5.61900000000605;50.5400000000081;14.7329999999929
946;17.0449999999983;11.9529999999941;162.860000000001;47.2259999999951
575;13.6719999999914;9.12699999999313;96.3479999999981;28.5239999999903
48;3.5060000000085;3.05600000001141;7.94700000000012;2.71300000000338
432;9.95600000000559;7.92700000001059;72.5610000000015;22.976999999999
707;13.1159999999945;9.72800000000279;117.540000000008;34.6619999999966
874;16.4470000000001;11.5850000000064;148.731999999989;42.9799999999959
253;7.54000000000815;4.54799999999523;43.6999999999971;13.6110000000044
646;12.8559999999998;8.80799999998999;109.104999999996;32.830999999991
715;13.9590000000026;9.29499999999825;126.146999999997;36.8129999999946
980;18.6449999999895;12.0449999999983;164.136000000013;57.3059999999969
200;6.36199999999371;5.47000000000116;34.226999999999;10.4590000000026
770;15.1440000000002;9.33399999998801;130.016999999993;39.023000000001
938;16.3559999999998;10.6740000000136;161.094000000012;49.05799999999
196;6.10800000000745;4.50900000000547;31.0060000000085;9.17199999999139
481;10.7890000000043;8.45999999999185;79.718000000008;26.976999999999
422;9.99300000000221;6.74000000000524;69.8190000000031;18.9729999999981
11;2.05400000000373;1.62399999999616;1.59399999999732;0.565000000002328
18;2.47999999999593;2.85800000000745;2.73500000000058;0.854999999995925
634;13.0819999999949;9.5109999999986;106.906000000003;32.4349999999977
292;7.9490000000078;5.92799999999988;50.4309999999969;13.7540000000008
641;12.8849999999948;8.7439999999915;111.144;33.3000000000029
420;9.47499999999127;6.92900000000373;70.5660000000062;21.0359999999928
